run,random_seed,year,operations,port_fees,equipment_cost,total_labor_cost,materials_cost,OpEx
1,1,2000,28484827.39726027,300000.0,45032216.6921029,0,1111027.0,74928071.08936317
1,1,2001,28407000.0,300000.0,41269569.85121254,0,1285560.0,71262129.85121253
1,1,2002,28407000.0,300000.0,25112370.70559747,0,1184021.1,55003391.80559747
1,1,2003,28407000.0,300000.0,64212661.52395211,0,2350411.0,95270072.52395211
1,1,2004,28484827.39726027,300000.0,30413636.658109874,0,1557017.7,60755481.75537015
1,1,2005,28407000.0,300000.0,58091768.530503586,0,1540199.9000000001,88338968.43050359
1,1,2006,28407000.0,300000.0,49725251.18988594,0,2210743.8000000003,80642994.98988594
1,1,2007,28407000.0,300000.0,39698124.49545058,0,1772187.0,70177311.49545059
1,1,2008,28484827.39726027,300000.0,37034755.99013429,0,1038357.3,66857940.68739456
1,1,2009,28407000.0,300000.0,48798148.98198901,0,1699367.9,79204516.88198902
1,1,2010,28407000.0,300000.0,45192617.4239372,0,1754849.4,75654466.82393721
1,1,2011,28407000.0,300000.0,48383685.96301358,0,1869835.7,78960521.66301358
1,1,2012,28484827.39726027,300000.0,51703069.95158033,0,2150249.8,82638147.1488406
1,1,2013,28407000.0,300000.0,30735252.172515083,0,1393780.5999999999,60836032.77251508
1,1,2014,28407000.0,300000.0,33935641.6114597,0,1115845.9000000001,63758487.5114597
1,1,2015,28407000.0,300000.0,23393172.93141391,0,1117516.3,53217689.23141391
1,1,2016,28484827.39726027,300000.0,39709400.81882718,0,1548239.4000000001,70042467.61608745
1,1,2017,28407000.0,300000.0,27841408.99275315,0,1119858.9,57668267.892753154
1,1,2018,28407000.0,300000.0,59199515.11878557,0,1699847.9,89606363.01878557
1,1,2019,28407000.0,300000.0,49061821.35525089,0,1464176.9000000001,79232998.25525089
1,1,2020,28484827.39726027,300000.0,57867818.385861345,0,1808589.7,88461235.48312162
2,2,2000,28484827.39726027,300000.0,22157283.348980155,0,1011118.7,51953229.446240425
2,2,2001,28407000.0,300000.0,59160919.383694716,0,1212700.3,89080619.68369472
2,2,2002,28407000.0,300000.0,57511156.84074209,0,1874917.3,88093074.1407421
2,2,2003,28407000.0,300000.0,31396172.07724337,0,1037671.5,61140843.57724337
2,2,2004,28484827.39726027,300000.0,36992671.24419032,0,1565851.5,67343350.14145058
2,2,2005,28407000.0,300000.0,61235411.29798258,0,2141362.1,92083773.39798258
2,2,2006,28407000.0,300000.0,39175635.31497163,0,1391055.5,69273690.81497163
2,2,2007,28407000.0,300000.0,47682104.83382679,0,1344478.2,77733583.03382678
2,2,2008,28484827.39726027,300000.0,28717977.508768436,0,1151646.1,58654451.006028704
2,2,2009,28407000.0,300000.0,39471684.84841561,0,1081469.3,69260154.14841561
2,2,2010,28407000.0,300000.0,76845298.68212023,0,2086757.7,107639056.38212024
2,2,2011,28407000.0,300000.0,17124581.88046885,0,1242322.5999999999,47073904.48046885
2,2,2012,28484827.39726027,300000.0,58944543.3399749,0,1748659.1,89478029.83723517
2,2,2013,28407000.0,300000.0,22665741.465357594,0,1454082.0,52826823.465357594
2,2,2014,28407000.0,300000.0,37715689.878425516,0,1778898.4000000001,68201588.27842551
2,2,2015,28407000.0,300000.0,41471064.93938885,0,1612471.4,71790536.33938885
2,2,2016,28484827.39726027,300000.0,49330026.4671235,0,1238776.8,79353630.66438377
2,2,2017,28407000.0,300000.0,58957730.72973112,0,1876327.5,89541058.22973111
2,2,2018,28407000.0,300000.0,31693051.538719967,0,872860.8,61272912.338719964
2,2,2019,28407000.0,300000.0,65024847.53969555,0,2227575.1,95959422.63969555
2,2,2020,28484827.39726027,300000.0,42182300.18529881,0,1890844.2000000002,72857971.78255908
3,3,2000,28484827.39726027,300000.0,19854759.962108463,0,803838.0,49443425.359368734
3,3,2001,28407000.0,300000.0,21500046.263746165,0,1278807.7,51485853.96374617
3,3,2002,28407000.0,300000.0,68283907.26670961,0,1929671.8,98920579.06670961
3,3,2003,28407000.0,300000.0,55605337.233546026,0,1921728.7,86234065.93354602
3,3,2004,28484827.39726027,300000.0,53114798.656859055,0,1241762.5,83141388.55411932
3,3,2005,28407000.0,300000.0,43336153.23102348,0,1728279.5999999999,73771432.83102348
3,3,2006,28407000.0,300000.0,33183253.809238154,0,1814232.2,63704486.00923815
3,3,2007,28407000.0,300000.0,51772384.309230424,0,1389453.4000000001,81868837.70923042
3,3,2008,28484827.39726027,300000.0,38557530.119757906,0,1275041.3,68617398.81701818
3,3,2009,28407000.0,300000.0,65589348.212919705,0,1977264.0999999999,96273612.3129197
3,3,2010,28407000.0,300000.0,69886796.89791662,0,2112711.7,100706508.59791662
3,3,2011,28407000.0,300000.0,34785074.805733725,0,986889.0,64478963.805733725
3,3,2012,28484827.39726027,300000.0,37538152.56075343,0,1554703.0,67877682.9580137
3,3,2013,28407000.0,300000.0,55370525.333294205,0,1558825.0,85636350.33329421
3,3,2014,28407000.0,300000.0,50891825.35572047,0,1504003.1,81102828.45572047
3,3,2015,28407000.0,300000.0,61727201.86049121,0,1900130.8,92334332.66049121
3,3,2016,28484827.39726027,300000.0,22645667.3234699,0,1291778.0,52722272.72073017
3,3,2017,28407000.0,300000.0,48877965.11621828,0,1296955.3,78881920.41621828
3,3,2018,28407000.0,300000.0,21169892.832947522,0,837896.5,50714789.33294752
3,3,2019,28407000.0,300000.0,44682014.35846512,0,1335796.5,74724810.85846512
3,3,2020,28484827.39726027,300000.0,30428636.82732031,0,866149.4,60079613.624580584
4,4,2000,28484827.39726027,300000.0,28692167.718895935,0,1471492.8,58948487.9161562
4,4,2001,28407000.0,300000.0,38105772.81270898,0,1930807.5,68743580.31270897
4,4,2002,28407000.0,300000.0,31314765.244436458,0,1237352.8,61259118.044436455
4,4,2003,28407000.0,300000.0,16331559.977500446,0,781936.8,45820496.77750044
4,4,2004,28484827.39726027,300000.0,16674825.761759803,0,1388988.0999999999,46848641.259020075
4,4,2005,28407000.0,300000.0,19634021.62493621,0,1164177.5999999999,49505199.22493621
4,4,2006,28407000.0,300000.0,70477165.63426217,0,2039372.2,101223537.83426218
4,4,2007,28407000.0,300000.0,52165376.76227878,0,1618030.3,82490407.06227878
4,4,2008,28484827.39726027,300000.0,37883021.944914706,0,1733085.7,68400935.04217498
4,4,2009,28407000.0,300000.0,61918654.106615186,0,1547854.9,92173509.00661519
4,4,2010,28407000.0,300000.0,76925183.54490142,0,2336139.9,107968323.44490142
4,4,2011,28407000.0,300000.0,31973648.078054454,0,1094316.2,61774964.27805445
4,4,2012,28484827.39726027,300000.0,44609308.15976698,0,1923521.7,75317657.25702725
4,4,2013,28407000.0,300000.0,36678732.55088148,0,1230531.2,66616263.750881486
4,4,2014,28407000.0,300000.0,31532687.599055704,0,1303582.9,61543270.499055706
4,4,2015,28407000.0,300000.0,42393450.39720726,0,1634754.3,72735204.69720726
4,4,2016,28484827.39726027,300000.0,36825636.00486219,0,1139375.2,66749838.60212246
4,4,2017,28407000.0,300000.0,39519524.277635895,0,1718569.5,69945093.7776359
4,4,2018,28407000.0,300000.0,18800329.1798845,0,1055298.5,48562627.6798845
4,4,2019,28407000.0,300000.0,36956465.3622862,0,1665828.0,67329293.36228621
4,4,2020,28484827.39726027,300000.0,49314204.681496024,0,1880217.4,79979249.4787563
5,5,2000,28484827.39726027,300000.0,28739428.725464612,0,1366857.8,58891113.92272488
5,5,2001,28407000.0,300000.0,50121233.33017821,0,2194499.9,81022733.2301782
5,5,2002,28407000.0,300000.0,64605062.27621407,0,1944996.4000000001,95257058.67621407
5,5,2003,28407000.0,300000.0,62447126.17406046,0,1831269.5,92985395.67406046
5,5,2004,28484827.39726027,300000.0,45581441.72662196,0,1840403.7,76206672.82388224
5,5,2005,28407000.0,300000.0,56670271.78218383,0,2222220.2,87599491.98218383
5,5,2006,28407000.0,300000.0,44019186.203254335,0,1346779.5999999999,74072965.80325434
5,5,2007,28407000.0,300000.0,34641347.88582998,0,1479529.2000000002,64827877.08582998
5,5,2008,28484827.39726027,300000.0,34041173.17967679,0,917726.6000000001,63743727.176937066
5,5,2009,28407000.0,300000.0,80197488.88112836,0,2718050.8000000003,111622539.68112835
5,5,2010,28407000.0,300000.0,56550572.47249271,0,1412818.5,86670390.97249271
5,5,2011,28407000.0,300000.0,32297765.97731857,0,1070773.6,62075539.57731857
5,5,2012,28484827.39726027,300000.0,30087313.611765303,0,922163.7,59794304.70902558
5,5,2013,28407000.0,300000.0,49943354.98614229,0,1653762.0,80304116.9861423
5,5,2014,28407000.0,300000.0,72325716.09913722,0,2174724.0,103207440.09913722
5,5,2015,28407000.0,300000.0,34866673.48247579,0,1047341.6,64621015.08247579
5,5,2016,28484827.39726027,300000.0,63362234.65776983,0,1574603.2,93721665.2550301
5,5,2017,28407000.0,300000.0,52226531.79336026,0,1410462.8,82343994.59336026
5,5,2018,28407000.0,300000.0,64074155.00741042,0,1798456.0,94579611.00741042
5,5,2019,28407000.0,300000.0,35210204.46499201,0,1277302.3,65194506.764992006
5,5,2020,28484827.39726027,300000.0,61225725.17725861,0,2304682.2,92315234.77451888
6,6,2000,28484827.39726027,300000.0,39266972.17101049,0,1039071.7999999999,69090871.36827075
6,6,2001,28407000.0,300000.0,36143932.70788585,0,1418187.0,66269119.70788585
6,6,2002,28407000.0,300000.0,36281863.97155378,0,1112668.8,66101532.77155378
6,6,2003,28407000.0,300000.0,6135663.73928861,0,725758.4,35568422.13928861
6,6,2004,28484827.39726027,300000.0,27482879.576764245,0,1047148.9,57314855.87402452
6,6,2005,28407000.0,300000.0,41360093.38464201,0,1633644.0,71700737.384642
6,6,2006,28407000.0,300000.0,54972847.5684802,0,1642736.6,85322584.1684802
6,6,2007,28407000.0,300000.0,39289434.264604546,0,1248349.8,69244784.06460455
6,6,2008,28484827.39726027,300000.0,44780522.93476414,0,1527818.9,75093169.23202442
6,6,2009,28407000.0,300000.0,29878280.793176748,0,951938.0,59537218.79317675
6,6,2010,28407000.0,300000.0,44632242.00741411,0,1789785.3,75129027.30741411
6,6,2011,28407000.0,300000.0,19925050.14186046,0,874475.4,49506525.54186046
6,6,2012,28484827.39726027,300000.0,58699909.83720407,0,2001832.5,89486569.73446435
6,6,2013,28407000.0,300000.0,30874489.6430631,0,977837.1000000001,60559326.7430631
6,6,2014,28407000.0,300000.0,41491522.51880236,0,1662678.0,71861200.51880236
6,6,2015,28407000.0,300000.0,48947028.335452996,0,1924673.0,79578701.335453
6,6,2016,28484827.39726027,300000.0,45815074.51348092,0,1008323.6,75608225.51074119
6,6,2017,28407000.0,300000.0,37901251.38097906,0,1065830.4000000001,67674081.78097907
6,6,2018,28407000.0,300000.0,23237365.377967052,0,864891.0,52809256.37796705
6,6,2019,28407000.0,300000.0,59889061.04020589,0,1335466.7000000002,89931527.74020588
6,6,2020,28484827.39726027,300000.0,22436581.332569636,0,1211494.4,52432903.129829906
7,7,2000,28484827.39726027,300000.0,28580631.163670152,0,867001.8,58232460.36093042
7,7,2001,28407000.0,300000.0,37266569.08997955,0,948569.8,66922138.88997955
7,7,2002,28407000.0,300000.0,37432745.86847877,0,2095003.2,68234749.06847876
7,7,2003,28407000.0,300000.0,34675582.75560707,0,1800426.6,65183009.35560707
7,7,2004,28484827.39726027,300000.0,21375124.480506815,0,907619.1,51067570.97776709
7,7,2005,28407000.0,300000.0,50704443.10095485,0,1439812.4,80851255.50095485
7,7,2006,28407000.0,300000.0,33418074.851009917,0,1444879.9,63569954.75100992
7,7,2007,28407000.0,300000.0,72408305.3120552,0,1747604.7999999998,102862910.1120552
7,7,2008,28484827.39726027,300000.0,90018989.4983756,0,2126146.5,120929963.39563587
7,7,2009,28407000.0,300000.0,70879208.48467445,0,2142074.9,101728283.38467446
7,7,2010,28407000.0,300000.0,31063083.399411112,0,944980.3999999999,60715063.79941111
7,7,2011,28407000.0,300000.0,26057492.140555087,0,1186143.9,55950636.04055509
7,7,2012,28484827.39726027,300000.0,35867066.45404348,0,1918373.5,66570267.35130375
7,7,2013,28407000.0,300000.0,23627093.78122285,0,1166162.5999999999,53500256.38122285
7,7,2014,28407000.0,300000.0,18309847.907063343,0,1034549.7999999999,48051397.70706334
7,7,2015,28407000.0,300000.0,39568871.65422651,0,1347011.5,69622883.15422651
7,7,2016,28484827.39726027,300000.0,58523506.816902675,0,2261224.9,89569559.11416295
7,7,2017,28407000.0,300000.0,28182978.736028943,0,855248.2,57745226.93602894
7,7,2018,28407000.0,300000.0,50973211.55165659,0,2492363.6,82172575.15165658
7,7,2019,28407000.0,300000.0,37600171.107023135,0,1362199.8,67669370.90702313
7,7,2020,28484827.39726027,300000.0,38100468.57584393,0,1049696.4,67934992.3731042
8,8,2000,28484827.39726027,300000.0,50596350.00685966,0,1350835.6,80732013.00411993
8,8,2001,28407000.0,300000.0,38879912.59187135,0,1858783.6,69445696.19187135
8,8,2002,28407000.0,300000.0,28717897.85979522,0,1015279.3,58440177.15979522
8,8,2003,28407000.0,300000.0,38691800.87119858,0,1448480.7,68847281.57119858
8,8,2004,28484827.39726027,300000.0,30082666.66487575,0,1487074.5999999999,60354568.66213602
8,8,2005,28407000.0,300000.0,59873643.0204578,0,1796400.7,90377043.72045779
8,8,2006,28407000.0,300000.0,51029926.30582638,0,1689054.7,81425981.00582638
8,8,2007,28407000.0,300000.0,49212084.51425899,0,1420625.1,79339709.61425899
8,8,2008,28484827.39726027,300000.0,51651761.057992816,0,1365624.1,81802212.55525309
8,8,2009,28407000.0,300000.0,57392794.20093341,0,2552336.5,88652130.70093341
8,8,2010,28407000.0,300000.0,51007998.76947575,0,1366007.2,81081005.96947575
8,8,2011,28407000.0,300000.0,40599312.22199536,0,1656378.0,70962690.22199535
8,8,2012,28484827.39726027,300000.0,35688305.54591222,0,1260319.2,65733452.143172495
8,8,2013,28407000.0,300000.0,48725741.03122589,0,1341670.8,78774411.83122589
8,8,2014,28407000.0,300000.0,45788145.220254265,0,1237913.0,75733058.22025427
8,8,2015,28407000.0,300000.0,35910587.97247569,0,949554.6000000001,65567142.572475694
8,8,2016,28484827.39726027,300000.0,41036174.62467991,0,1830667.4,71651669.42194018
8,8,2017,28407000.0,300000.0,64720779.98283258,0,1868398.3,95296178.28283258
8,8,2018,28407000.0,300000.0,41820560.73942972,0,1370527.2,71898087.93942972
8,8,2019,28407000.0,300000.0,52176660.75598577,0,1703573.1,82587233.85598576
8,8,2020,28484827.39726027,300000.0,57932432.69341009,0,1929069.0,88646329.09067036
9,9,2000,28484827.39726027,300000.0,22882955.32536315,0,758506.0,52426288.72262342
9,9,2001,28407000.0,300000.0,48148190.649478726,0,1679852.4,78535043.04947872
9,9,2002,28407000.0,300000.0,68203131.04722752,0,2040482.1,98950613.14722751
9,9,2003,28407000.0,300000.0,48300875.15088593,0,1595981.5,78603856.65088594
9,9,2004,28484827.39726027,300000.0,28899072.175689433,0,1279410.1,58963309.6729497
9,9,2005,28407000.0,300000.0,58883589.89602133,0,2266360.1,89856949.99602133
9,9,2006,28407000.0,300000.0,18292756.182573304,0,1057666.7,48057422.88257331
9,9,2007,28407000.0,300000.0,27296662.6973004,0,920439.6,56924102.2973004
9,9,2008,28484827.39726027,300000.0,35286201.44677331,0,1071375.8,65142404.64403358
9,9,2009,28407000.0,300000.0,35575545.52606982,0,1189964.5,65472510.02606982
9,9,2010,28407000.0,300000.0,46955139.73022082,0,1794400.2,77456539.93022081
9,9,2011,28407000.0,300000.0,55860501.845420845,0,1761230.6,86328732.44542085
9,9,2012,28484827.39726027,300000.0,41098504.08753978,0,1031810.9,70915142.38480005
9,9,2013,28407000.0,300000.0,44685889.72904994,0,1330357.4,74723247.12904994
9,9,2014,28407000.0,300000.0,11804941.652625993,0,696956.1,41208897.752625994
9,9,2015,28407000.0,300000.0,36432952.11915103,0,1438798.7,66578750.81915104
9,9,2016,28484827.39726027,300000.0,42096355.42459048,0,1502031.0999999999,72383213.92185076
9,9,2017,28407000.0,300000.0,80090978.85542886,0,2272592.8,111070571.65542886
9,9,2018,28407000.0,300000.0,67883617.23556629,0,2085019.4,98675636.6355663
9,9,2019,28407000.0,300000.0,40346242.67226304,0,1492157.5999999999,70545400.27226304
9,9,2020,28484827.39726027,300000.0,24724761.71509053,0,1131486.2,54641075.3123508
10,10,2000,28484827.39726027,300000.0,45269960.955560565,0,1749537.4000000001,75804325.75282083
10,10,2001,28407000.0,300000.0,36931565.04460357,0,1516136.5999999999,67154701.64460357
10,10,2002,28407000.0,300000.0,15403206.30773035,0,1055517.5,45165723.80773035
10,10,2003,28407000.0,300000.0,49016261.45049876,0,1601473.2,79324734.65049876
10,10,2004,28484827.39726027,300000.0,50062829.6656763,0,1408298.9000000001,80255955.96293658
10,10,2005,28407000.0,300000.0,19938081.298165612,0,950294.5,49595375.79816561
10,10,2006,28407000.0,300000.0,40763164.09328556,0,1935382.5,71405546.59328556
10,10,2007,28407000.0,300000.0,32047704.700884014,0,891075.2000000001,61645779.90088402
10,10,2008,28484827.39726027,300000.0,34292125.37906607,0,1833789.2999999998,64910742.07632634
10,10,2009,28407000.0,300000.0,24642387.684926044,0,951172.1,54300559.78492604
10,10,2010,28407000.0,300000.0,65372557.60019721,0,2597599.0,96677156.60019721
10,10,2011,28407000.0,300000.0,63702367.770253494,0,1759039.2,94168406.9702535
10,10,2012,28484827.39726027,300000.0,34954403.48766335,0,1559414.0999999999,65298644.98492362
10,10,2013,28407000.0,300000.0,43162750.703614675,0,1821189.2,73690939.90361467
10,10,2014,28407000.0,300000.0,38296742.06579162,0,1383756.3,68387498.36579162
10,10,2015,28407000.0,300000.0,32937429.28404164,0,1279205.8,62923635.08404164
10,10,2016,28484827.39726027,300000.0,52887436.97339684,0,1457944.8,83130209.17065711
10,10,2017,28407000.0,300000.0,45830652.37592417,0,1796072.9,76333725.27592418
10,10,2018,28407000.0,300000.0,50479595.903890684,0,1219903.5,80406499.40389068
10,10,2019,28407000.0,300000.0,55032391.332775064,0,1887202.2999999998,85626593.63277507
10,10,2020,28484827.39726027,300000.0,37815774.27341197,0,1492991.4,68093593.07067224
11,11,2000,28484827.39726027,300000.0,34685794.07641524,0,1083307.3,64553928.77367551
11,11,2001,28407000.0,300000.0,44310544.336556725,0,1915715.4,74933259.73655672
11,11,2002,28407000.0,300000.0,57626880.64197252,0,1658815.5,87992696.14197251
11,11,2003,28407000.0,300000.0,35992892.12565706,0,1473735.8,66173627.925657056
11,11,2004,28484827.39726027,300000.0,42870880.41279991,0,2256801.4,73912509.21006018
11,11,2005,28407000.0,300000.0,45055735.079119116,0,2102383.8,75865118.87911911
11,11,2006,28407000.0,300000.0,54822325.33686418,0,1638396.0,85167721.33686417
11,11,2007,28407000.0,300000.0,12061033.860326711,0,829308.6,41597342.46032671
11,11,2008,28484827.39726027,300000.0,70435005.98090078,0,1922207.4,101142040.77816106
11,11,2009,28407000.0,300000.0,52514994.230330065,0,2194665.7,83416659.93033007
11,11,2010,28407000.0,300000.0,42007253.573561475,0,1876409.0999999999,72590662.67356147
11,11,2011,28407000.0,300000.0,51366911.98253174,0,2210634.0,82284545.98253174
11,11,2012,28484827.39726027,300000.0,29211181.301039875,0,1356297.0,59352305.698300146
11,11,2013,28407000.0,300000.0,36202206.4639327,0,1285341.2,66194547.6639327
11,11,2014,28407000.0,300000.0,32421332.12758366,0,1558194.9,62686527.02758366
11,11,2015,28407000.0,300000.0,63048829.444978006,0,1865233.7,93621063.144978
11,11,2016,28484827.39726027,300000.0,35836202.733472034,0,1424953.8,66045983.9307323
11,11,2017,28407000.0,300000.0,57228364.5807582,0,1440675.1,87376039.6807582
11,11,2018,28407000.0,300000.0,47216055.07490037,0,1941108.0,77864163.07490036
11,11,2019,28407000.0,300000.0,37655263.613651894,0,1232476.4,67594740.01365189
11,11,2020,28484827.39726027,300000.0,41652507.04767114,0,1473735.3,71911069.74493141
12,12,2000,28484827.39726027,300000.0,40607306.07272444,0,1028129.3,70420262.7699847
12,12,2001,28407000.0,300000.0,63856258.08014178,0,1888242.1,94451500.18014178
12,12,2002,28407000.0,300000.0,37721698.07182025,0,1742879.6,68171577.67182025
12,12,2003,28407000.0,300000.0,45585384.63300863,0,1343587.6,75635972.23300862
12,12,2004,28484827.39726027,300000.0,18469087.06442427,0,853700.5,48107614.96168454
12,12,2005,28407000.0,300000.0,58424132.24151752,0,1515233.2,88646365.44151752
12,12,2006,28407000.0,300000.0,47987057.757089615,0,2271606.3,78965664.05708961
12,12,2007,28407000.0,300000.0,36039150.43302622,0,2116012.1,66862162.53302622
12,12,2008,28484827.39726027,300000.0,65675136.66720175,0,2061655.6,96521619.66446202
12,12,2009,28407000.0,300000.0,67656213.10083854,0,1646531.0,98009744.10083854
12,12,2010,28407000.0,300000.0,59162513.96646982,0,1624879.1,89494393.06646982
12,12,2011,28407000.0,300000.0,30339948.383535516,0,1340642.3,60387590.683535516
12,12,2012,28484827.39726027,300000.0,42782964.06233663,0,1201003.8,72768795.2595969
12,12,2013,28407000.0,300000.0,27644935.1589323,0,1285299.9,57637235.0589323
12,12,2014,28407000.0,300000.0,23992015.367018696,0,1434155.5999999999,54133170.96701869
12,12,2015,28407000.0,300000.0,38639623.23942894,0,1393124.0,68739747.23942894
12,12,2016,28484827.39726027,300000.0,69643521.1530722,0,2493021.0,100921369.55033247
12,12,2017,28407000.0,300000.0,63157384.98461987,0,2027635.2999999998,93892020.28461987
12,12,2018,28407000.0,300000.0,67520295.62015736,0,1815122.6,98042418.22015736
12,12,2019,28407000.0,300000.0,45301478.38193297,0,1179091.5999999999,75187569.98193297
12,12,2020,28484827.39726027,300000.0,59851753.67049959,0,1934355.8,90570936.86775987
13,13,2000,28484827.39726027,300000.0,30498638.83313912,0,784773.3,60068239.53039939
13,13,2001,28407000.0,300000.0,49042914.04356449,0,1944803.9,79694717.94356449
13,13,2002,28407000.0,300000.0,35136269.99405211,0,979958.6,64823228.59405211
13,13,2003,28407000.0,300000.0,42297034.31532692,0,1976305.0999999999,72980339.41532692
13,13,2004,28484827.39726027,300000.0,49406867.55206034,0,1636082.0,79827776.94932061
13,13,2005,28407000.0,300000.0,48239089.28657797,0,1920933.6,78867022.88657796
13,13,2006,28407000.0,300000.0,19859365.29347992,0,854577.2,49420942.49347992
13,13,2007,28407000.0,300000.0,20063286.874092374,0,747492.9,49517779.774092376
13,13,2008,28484827.39726027,300000.0,44808838.78098688,0,1279013.5,74872679.67824715
13,13,2009,28407000.0,300000.0,38472277.18264442,0,1079853.9,68259131.08264442
13,13,2010,28407000.0,300000.0,29092959.579706952,0,1305500.1,59105459.67970695
13,13,2011,28407000.0,300000.0,42882431.90839129,0,1534214.5,73123646.4083913
13,13,2012,28484827.39726027,300000.0,59032531.62993643,0,2140965.3,89958324.3271967
13,13,2013,28407000.0,300000.0,55933500.17214429,0,1105491.4000000001,85745991.57214428
13,13,2014,28407000.0,300000.0,44791153.99751654,0,1770913.0999999999,75269067.09751654
13,13,2015,28407000.0,300000.0,51374902.66788269,0,1408832.3,81490734.9678827
13,13,2016,28484827.39726027,300000.0,33104029.408848077,0,1365459.2,63254316.00610835
13,13,2017,28407000.0,300000.0,57056499.46435886,0,1528517.1,87292016.56435886
13,13,2018,28407000.0,300000.0,55915899.189081185,0,1568044.0999999999,86190943.28908119
13,13,2019,28407000.0,300000.0,42671957.63435246,0,1390344.1,72769301.73435245
13,13,2020,28484827.39726027,300000.0,52612612.07527263,0,1945571.0,83343010.4725329
14,14,2000,28484827.39726027,300000.0,46510365.662857756,0,1203416.9,76498609.96011803
14,14,2001,28407000.0,300000.0,46452345.62352289,0,1604542.2000000002,76763887.8235229
14,14,2002,28407000.0,300000.0,46460659.932897285,0,1496360.8,76664020.73289728
14,14,2003,28407000.0,300000.0,44690200.95134195,0,1682085.4,75079286.35134195
14,14,2004,28484827.39726027,300000.0,51223052.16610094,0,1608279.9,81616159.46336122
14,14,2005,28407000.0,300000.0,51034230.730028674,0,1664937.9,81406168.63002868
14,14,2006,28407000.0,300000.0,31978687.322001148,0,1489430.0,62175117.322001144
14,14,2007,28407000.0,300000.0,30379054.978757236,0,1688248.1,60774303.078757234
14,14,2008,28484827.39726027,300000.0,72328283.12616006,0,2071227.5,103184338.02342033
14,14,2009,28407000.0,300000.0,52206284.9626068,0,1839911.4,82753196.36260681
14,14,2010,28407000.0,300000.0,60473946.0178835,0,2296749.8,91477695.8178835
14,14,2011,28407000.0,300000.0,27998641.608651947,0,944679.5,57650321.10865195
14,14,2012,28484827.39726027,300000.0,31886594.08840767,0,1343573.9,62014995.38566794
14,14,2013,28407000.0,300000.0,46277528.0725679,0,1217082.9,76201610.9725679
14,14,2014,28407000.0,300000.0,32719346.365321103,0,1318291.7,62744638.0653211
14,14,2015,28407000.0,300000.0,71753038.93208289,0,1944750.2,102404789.1320829
14,14,2016,28484827.39726027,300000.0,36479338.260979734,0,911358.7999999999,66175524.45824
14,14,2017,28407000.0,300000.0,69059423.20321038,0,2147799.2,99914222.40321039
14,14,2018,28407000.0,300000.0,32016097.19343139,0,1216206.0,61939303.19343139
14,14,2019,28407000.0,300000.0,31334945.383135863,0,1759779.8,61801725.18313586
14,14,2020,28484827.39726027,300000.0,59426707.09441684,0,1557770.3,89769304.79167712
15,15,2000,28484827.39726027,300000.0,46419088.528129786,0,1956777.1,77160693.02539006
15,15,2001,28407000.0,300000.0,40820844.640052125,0,1361433.0,70889277.64005212
15,15,2002,28407000.0,300000.0,30138374.764216315,0,1186075.6,60031450.36421631
15,15,2003,28407000.0,300000.0,57114934.612742,0,1597227.4000000001,87419162.012742
15,15,2004,28484827.39726027,300000.0,29995026.898670778,0,1817724.5999999999,60597578.89593105
15,15,2005,28407000.0,300000.0,26667780.917759854,0,1185309.7,56560090.61775985
15,15,2006,28407000.0,300000.0,62940678.76132279,0,1572699.2,93220377.96132278
15,15,2007,28407000.0,300000.0,29459459.545811452,0,1474572.5,59641032.04581145
15,15,2008,28484827.39726027,300000.0,35484597.93728461,0,1260278.2,65529703.534544885
15,15,2009,28407000.0,300000.0,52318233.88654783,0,2024936.3,83050170.18654783
15,15,2010,28407000.0,300000.0,35076424.86613014,0,1463134.7,65246559.56613015
15,15,2011,28407000.0,300000.0,18004697.268799935,0,1319058.8,48030756.068799935
15,15,2012,28484827.39726027,300000.0,42956848.46043813,0,1704257.0,73445932.85769841
15,15,2013,28407000.0,300000.0,30500659.590682317,0,1192869.5,60400529.09068231
15,15,2014,28407000.0,300000.0,23698972.9903011,0,1222300.2,53628273.1903011
15,15,2015,28407000.0,300000.0,65669816.68240289,0,1829900.2,96206716.88240288
15,15,2016,28484827.39726027,300000.0,33557370.21853636,0,1166821.1,63509018.715796635
15,15,2017,28407000.0,300000.0,26425595.31697026,0,825529.8,55958125.116970256
15,15,2018,28407000.0,300000.0,65705014.542781815,0,1870862.8,96282877.34278181
15,15,2019,28407000.0,300000.0,41820546.55734105,0,942297.6000000001,71469844.15734105
15,15,2020,28484827.39726027,300000.0,48875752.0476466,0,1442428.4,79103007.84490687
16,16,2000,28484827.39726027,300000.0,36105278.07247437,0,1484419.8,66374525.269734636
16,16,2001,28407000.0,300000.0,33339826.390316386,0,1154987.2,63201813.590316385
16,16,2002,28407000.0,300000.0,18403244.72208305,0,865793.7,47976038.42208305
16,16,2003,28407000.0,300000.0,51593198.76110854,0,1900309.1,82200507.86110854
16,16,2004,28484827.39726027,300000.0,72241182.17401889,0,1901116.3,102927125.87127917
16,16,2005,28407000.0,300000.0,44797922.52103493,0,1552018.9000000001,75056941.42103493
16,16,2006,28407000.0,300000.0,43525851.11028091,0,1624509.4000000001,73857360.5102809
16,16,2007,28407000.0,300000.0,30651607.801492237,0,1286353.9000000001,60644961.701492235
16,16,2008,28484827.39726027,300000.0,60437656.411508285,0,1355763.3,90578247.10876855
16,16,2009,28407000.0,300000.0,44681477.31739698,0,1472339.2,74860816.51739699
16,16,2010,28407000.0,300000.0,53248291.952074796,0,1745318.1,83700610.05207479
16,16,2011,28407000.0,300000.0,30241238.996879682,0,1441920.6,60390159.59687968
16,16,2012,28484827.39726027,300000.0,13849830.15488224,0,1416926.8,44051584.35214251
16,16,2013,28407000.0,300000.0,23788829.027247954,0,1256606.4,53752435.42724796
16,16,2014,28407000.0,300000.0,61497874.45771434,0,1541063.3,91745937.75771435
16,16,2015,28407000.0,300000.0,36323364.77129972,0,1267672.6,66298037.37129972
16,16,2016,28484827.39726027,300000.0,59138000.21328508,0,1054052.2,88976879.81054536
16,16,2017,28407000.0,300000.0,67409265.7106892,0,1689438.7,97805704.4106892
16,16,2018,28407000.0,300000.0,65819600.08766355,0,1684139.7000000002,96210739.78766355
16,16,2019,28407000.0,300000.0,27102599.129602518,0,1117310.5,56926909.62960252
16,16,2020,28484827.39726027,300000.0,44410765.533839256,0,1307472.9000000001,74503065.83109953
17,17,2000,28484827.39726027,300000.0,43429392.45496391,0,1418901.4,73633121.25222418
17,17,2001,28407000.0,300000.0,40155608.88876585,0,1573110.1,70435718.98876585
17,17,2002,28407000.0,300000.0,34062700.64446758,0,1577712.0,64347412.64446758
17,17,2003,28407000.0,300000.0,28757363.946669072,0,1674798.0,59139161.94666907
17,17,2004,28484827.39726027,300000.0,45306945.406738594,0,1405203.6,75496976.40399887
17,17,2005,28407000.0,300000.0,67683166.53602615,0,2224835.8,98615002.33602615
17,17,2006,28407000.0,300000.0,47379731.085750446,0,1659912.0,77746643.08575045
17,17,2007,28407000.0,300000.0,44432363.189774685,0,1519067.6,74658430.78977469
17,17,2008,28484827.39726027,300000.0,51409715.0525728,0,2131611.5,82326153.94983307
17,17,2009,28407000.0,300000.0,39183246.73451342,0,1521670.2,69411916.93451342
17,17,2010,28407000.0,300000.0,40714266.209623374,0,1450946.1,70872212.30962338
17,17,2011,28407000.0,300000.0,24955740.788319252,0,739549.1000000001,54402289.888319254
17,17,2012,28484827.39726027,300000.0,46765430.8607478,0,1433333.8,76983592.05800807
17,17,2013,28407000.0,300000.0,55230937.79637265,0,1685412.3,85623350.09637265
17,17,2014,28407000.0,300000.0,47799188.51790413,0,2182558.4,78688746.91790414
17,17,2015,28407000.0,300000.0,43823591.6758749,0,1334822.8,73865414.4758749
17,17,2016,28484827.39726027,300000.0,5992349.852964474,0,681371.4,35458548.650224745
17,17,2017,28407000.0,300000.0,36424705.07471514,0,1450399.5,66582104.57471514
17,17,2018,28407000.0,300000.0,84431620.8238462,0,2469492.6,115608113.4238462
17,17,2019,28407000.0,300000.0,55417490.52392382,0,1399192.9,85523683.42392382
17,17,2020,28484827.39726027,300000.0,33376637.08028477,0,1047971.4999999999,63209435.97754504
18,18,2000,28484827.39726027,300000.0,56567271.91317852,0,1996850.4,87348949.71043879
18,18,2001,28407000.0,300000.0,28457777.405071177,0,1229627.2,58394404.60507118
18,18,2002,28407000.0,300000.0,38320720.11526639,0,1410353.3,68438073.4152664
18,18,2003,28407000.0,300000.0,39955504.62638748,0,1310567.3,69973071.92638747
18,18,2004,28484827.39726027,300000.0,30896258.608440872,0,1502961.4,61184047.405701146
18,18,2005,28407000.0,300000.0,31922949.591366563,0,1499578.8,62129528.391366564
18,18,2006,28407000.0,300000.0,48177185.11514157,0,1602199.5,78486384.61514157
18,18,2007,28407000.0,300000.0,88997580.91374019,0,3783845.0,121488425.91374019
18,18,2008,28484827.39726027,300000.0,56898429.78128695,0,1015841.1,86699098.27854721
18,18,2009,28407000.0,300000.0,42965936.01707351,0,1306746.3,72979682.31707351
18,18,2010,28407000.0,300000.0,32761498.75145949,0,1132363.0,62600861.751459494
18,18,2011,28407000.0,300000.0,25340765.33216296,0,1383510.0,55431275.33216296
18,18,2012,28484827.39726027,300000.0,58685689.90465091,0,1778322.8,89248840.10191119
18,18,2013,28407000.0,300000.0,60087892.716233574,0,1549964.0,90344856.71623358
18,18,2014,28407000.0,300000.0,52808432.46167983,0,1931411.0,83446843.46167983
18,18,2015,28407000.0,300000.0,41867910.61517636,0,1028030.2000000001,71602940.81517635
18,18,2016,28484827.39726027,300000.0,46637129.12121549,0,1778104.3,77200060.81847577
18,18,2017,28407000.0,300000.0,86266376.80888367,0,2713285.2,117686662.00888367
18,18,2018,28407000.0,300000.0,34045520.075928025,0,1729456.5000000002,64481976.575928025
18,18,2019,28407000.0,300000.0,52716572.0566109,0,1661528.6,83085100.65661089
18,18,2020,28484827.39726027,300000.0,50546820.68279954,0,1618113.5999999999,80949761.6800598
19,19,2000,28484827.39726027,300000.0,69317244.0503623,0,1910719.5999999999,100012791.04762258
19,19,2001,28407000.0,300000.0,53817321.18396207,0,2052382.5999999999,84576703.78396207
19,19,2002,28407000.0,300000.0,22414973.983346555,0,844813.3,51966787.283346556
19,19,2003,28407000.0,300000.0,53507696.56201395,0,1739606.1,83954302.66201395
19,19,2004,28484827.39726027,300000.0,31487751.083921045,0,1104917.0,61377495.481181316
19,19,2005,28407000.0,300000.0,72975422.42972113,0,1942916.4,103625338.82972114
19,19,2006,28407000.0,300000.0,19490636.234085463,0,886912.0,49084548.23408546
19,19,2007,28407000.0,300000.0,40411123.37185778,0,1042930.5,70161053.87185778
19,19,2008,28484827.39726027,300000.0,35449243.915450305,0,1674469.3,65908540.61271057
19,19,2009,28407000.0,300000.0,33678399.62204721,0,1512164.4,63897564.02204721
19,19,2010,28407000.0,300000.0,53451296.60701238,0,1778773.4,83937070.00701238
19,19,2011,28407000.0,300000.0,39604041.20453335,0,1323180.9,69634222.10453336
19,19,2012,28484827.39726027,300000.0,49297069.705922656,0,1344395.7,79426292.80318293
19,19,2013,28407000.0,300000.0,29514509.454701263,0,1142852.9,59364362.354701266
19,19,2014,28407000.0,300000.0,30048515.108830236,0,1471078.3,60226593.40883023
19,19,2015,28407000.0,300000.0,42210769.45815279,0,1616989.8,72534759.2581528
19,19,2016,28484827.39726027,300000.0,38077372.50511683,0,1323469.1,68185669.0023771
19,19,2017,28407000.0,300000.0,53499147.84159124,0,1768107.2,83974255.04159124
19,19,2018,28407000.0,300000.0,42293936.21038454,0,1458164.0,72459100.21038455
19,19,2019,28407000.0,300000.0,32630447.39559839,0,1245213.3,62582660.695598386
19,19,2020,28484827.39726027,300000.0,42576608.42304116,0,1577437.3,72938873.12030143
20,20,2000,28484827.39726027,300000.0,48387540.44751902,0,1557964.6,78730332.44477929
20,20,2001,28407000.0,300000.0,61552641.53601083,0,2485501.0,92745142.53601083
20,20,2002,28407000.0,300000.0,43982152.75108664,0,1432703.8,74121856.55108663
20,20,2003,28407000.0,300000.0,46801523.62718503,0,1305925.3,76814448.92718503
20,20,2004,28484827.39726027,300000.0,37040750.8528967,0,1351106.8,67176685.05015697
20,20,2005,28407000.0,300000.0,61012792.03231024,0,1798933.6,91518725.63231024
20,20,2006,28407000.0,300000.0,64319952.73674389,0,2320240.3,95347193.0367439
20,20,2007,28407000.0,300000.0,19893639.10482389,0,870095.0,49470734.10482389
20,20,2008,28484827.39726027,300000.0,50361953.03644657,0,1095905.5,80242685.93370685
20,20,2009,28407000.0,300000.0,58345420.71478187,0,1211467.5,88263888.21478188
20,20,2010,28407000.0,300000.0,63693551.22416749,0,1623590.9000000001,94024142.12416749
20,20,2011,28407000.0,300000.0,34883613.617819324,0,1725855.3,65316468.91781932
20,20,2012,28484827.39726027,300000.0,50755710.41380192,0,2214960.8,81755498.6110622
20,20,2013,28407000.0,300000.0,39464219.51147789,0,1917222.4,70088441.9114779
20,20,2014,28407000.0,300000.0,39549300.4524357,0,1639492.0999999999,69895792.5524357
20,20,2015,28407000.0,300000.0,29398100.05642669,0,725716.9,58830816.95642669
20,20,2016,28484827.39726027,300000.0,67425855.81766735,0,2309378.9,98520062.11492763
20,20,2017,28407000.0,300000.0,52793717.017706715,0,2196199.0,83696916.01770672
20,20,2018,28407000.0,300000.0,54577974.97336863,0,1607622.2,84892597.17336863
20,20,2019,28407000.0,300000.0,15205790.478733573,0,823776.5,44736566.97873357
20,20,2020,28484827.39726027,300000.0,54335863.41201149,0,1145510.9000000001,84266201.70927176
21,21,2000,28484827.39726027,300000.0,26199644.033254486,0,1194199.0,56178670.43051475
21,21,2001,28407000.0,300000.0,20483624.01374292,0,1088920.5,50279544.513742924
21,21,2002,28407000.0,300000.0,29166179.85054818,0,1299173.1,59172352.95054818
21,21,2003,28407000.0,300000.0,47452285.56017096,0,1364802.4,77524087.96017097
21,21,2004,28484827.39726027,300000.0,54988569.59029016,0,1667253.7999999998,85440650.78755043
21,21,2005,28407000.0,300000.0,34122937.343308575,0,918302.7999999999,63748240.14330857
21,21,2006,28407000.0,300000.0,63194209.12425941,0,1630727.2000000002,93531936.32425942
21,21,2007,28407000.0,300000.0,52258950.55286073,0,1524285.0999999999,82490235.65286073
21,21,2008,28484827.39726027,300000.0,41823083.59761814,0,1739509.5,72347420.49487841
21,21,2009,28407000.0,300000.0,24514775.28278677,0,1147194.7,54368969.982786775
21,21,2010,28407000.0,300000.0,30638445.42868646,0,1477515.2,60822960.62868646
21,21,2011,28407000.0,300000.0,52577762.29936733,0,2185407.2,83470169.49936733
21,21,2012,28484827.39726027,300000.0,29571962.154530182,0,1018854.2,59375643.75179046
21,21,2013,28407000.0,300000.0,50420925.66820235,0,1917003.2000000002,81044928.86820234
21,21,2014,28407000.0,300000.0,42345051.92384417,0,1574219.2,72626271.12384418
21,21,2015,28407000.0,300000.0,37073897.17445582,0,1187226.6,66968123.77445582
21,21,2016,28484827.39726027,300000.0,52488957.67135852,0,1161616.6,82435401.66861878
21,21,2017,28407000.0,300000.0,28571085.75388762,0,822681.7000000001,58100767.45388762
21,21,2018,28407000.0,300000.0,40887012.39059678,0,1750616.7,71344629.09059678
21,21,2019,28407000.0,300000.0,31176795.825932465,0,1195170.4000000001,61078966.225932464
21,21,2020,28484827.39726027,300000.0,41407314.349262774,0,1735867.0,71928008.74652305
22,22,2000,28484827.39726027,300000.0,53706970.18483513,0,1361709.5,83853507.0820954
22,22,2001,28407000.0,300000.0,29923425.71094353,0,1504686.9,60135112.61094353
22,22,2002,28407000.0,300000.0,87153217.76131,0,2236380.4,118096598.16131
22,22,2003,28407000.0,300000.0,52985946.50952359,0,1760215.6,83453162.1095236
22,22,2004,28484827.39726027,300000.0,30379363.01399636,0,1566098.3,60730288.71125663
22,22,2005,28407000.0,300000.0,40856141.58424048,0,1962992.6,71526134.18424048
22,22,2006,28407000.0,300000.0,66452551.85496926,0,1803687.1,96963238.95496926
22,22,2007,28407000.0,300000.0,31739944.466804452,0,964990.0,61411934.46680445
22,22,2008,28484827.39726027,300000.0,63535975.02976061,0,2070885.0,94391687.42702088
22,22,2009,28407000.0,300000.0,52022170.95841048,0,1535324.7,82264495.65841047
22,22,2010,28407000.0,300000.0,55833254.400998265,0,1497250.2,86037504.60099827
22,22,2011,28407000.0,300000.0,35461060.46530389,0,1020594.2,65188654.66530389
22,22,2012,28484827.39726027,300000.0,28134230.29811951,0,963387.1,57882444.79537978
22,22,2013,28407000.0,300000.0,30738925.98314981,0,1023498.0,60469423.98314981
22,22,2014,28407000.0,300000.0,53354576.15364294,0,1756821.1,83818397.25364293
22,22,2015,28407000.0,300000.0,60547401.79553526,0,1577507.0,90831908.79553527
22,22,2016,28484827.39726027,300000.0,34747505.56943083,0,1489375.9,65021708.8666911
22,22,2017,28407000.0,300000.0,27843308.17301275,0,1144797.9,57695106.07301275
22,22,2018,28407000.0,300000.0,54020362.05151664,0,2072926.7,84800288.75151664
22,22,2019,28407000.0,300000.0,67068299.63365163,0,2550775.7,98326075.33365163
22,22,2020,28484827.39726027,300000.0,21676992.43253467,0,1116927.7,51578747.52979494
23,23,2000,28484827.39726027,300000.0,31946900.847074907,0,899801.3,61631529.54433518
23,23,2001,28407000.0,300000.0,65285969.57535912,0,1513357.8,95506327.37535912
23,23,2002,28407000.0,300000.0,76296340.35983497,0,2103768.8,107107109.15983497
23,23,2003,28407000.0,300000.0,70872119.48737562,0,2280754.5,101859873.98737562
23,23,2004,28484827.39726027,300000.0,56933108.99835928,0,1036111.2,86754047.59561954
23,23,2005,28407000.0,300000.0,50954468.40377169,0,1300679.8,80962148.2037717
23,23,2006,28407000.0,300000.0,33430111.7683127,0,1583902.2,63721013.9683127
23,23,2007,28407000.0,300000.0,49159191.625368215,0,1424431.7999999998,79290623.42536822
23,23,2008,28484827.39726027,300000.0,41691577.00839472,0,1102629.1,71579033.50565499
23,23,2009,28407000.0,300000.0,32237288.448633805,0,913043.7,61857332.14863381
23,23,2010,28407000.0,300000.0,10687001.63171494,0,960593.0,40354594.63171494
23,23,2011,28407000.0,300000.0,26498106.485687915,0,1015018.6,56220125.08568791
23,23,2012,28484827.39726027,300000.0,35806724.98332609,0,1259552.3,65851104.68058636
23,23,2013,28407000.0,300000.0,65809166.48756851,0,1676099.7,96192266.18756852
23,23,2014,28407000.0,300000.0,38960758.40609527,0,1663513.1,69331271.50609526
23,23,2015,28407000.0,300000.0,32836402.826080523,0,1555868.0999999999,63099270.926080525
23,23,2016,28484827.39726027,300000.0,45831809.22560731,0,1632753.9,76249390.52286759
23,23,2017,28407000.0,300000.0,34306730.9800746,0,1002695.1000000001,64016426.0800746
23,23,2018,28407000.0,300000.0,46886981.40832368,0,1608266.6,77202248.00832368
23,23,2019,28407000.0,300000.0,66473291.92478702,0,2577754.6,97758046.52478702
23,23,2020,28484827.39726027,300000.0,41031488.47635777,0,1683974.2,71500290.07361804
24,24,2000,28484827.39726027,300000.0,11900105.901403595,0,832475.3999999999,41517408.69866387
24,24,2001,28407000.0,300000.0,61531903.1958094,0,1762463.6,92001366.7958094
24,24,2002,28407000.0,300000.0,28176252.119719002,0,1195046.7,58078298.819719
24,24,2003,28407000.0,300000.0,67805895.19464448,0,2655380.3,99168275.49464448
24,24,2004,28484827.39726027,300000.0,32776430.28668201,0,1634151.3,63195408.98394228
24,24,2005,28407000.0,300000.0,59281179.01038099,0,1588120.0,89576299.01038098
24,24,2006,28407000.0,300000.0,43583980.36568446,0,1120420.3,73411400.66568446
24,24,2007,28407000.0,300000.0,47000744.47639001,0,1102822.5,76810566.97639
24,24,2008,28484827.39726027,300000.0,48390293.749292314,0,1310349.5,78485470.64655259
24,24,2009,28407000.0,300000.0,48351652.844069004,0,1091933.0999999999,78150585.944069
24,24,2010,28407000.0,300000.0,28774296.53693389,0,1169641.3,58650937.83693389
24,24,2011,28407000.0,300000.0,48777408.1579066,0,1520930.1,79005338.2579066
24,24,2012,28484827.39726027,300000.0,28523953.461071182,0,1283998.0999999999,58592778.95833145
24,24,2013,28407000.0,300000.0,49537999.54142235,0,1165354.9,79410354.44142236
24,24,2014,28407000.0,300000.0,58438647.35544941,0,1910443.8,89056091.1554494
24,24,2015,28407000.0,300000.0,56140617.38600721,0,1980001.9000000001,86827619.28600721
24,24,2016,28484827.39726027,300000.0,61437977.96011171,0,2107973.2,92330778.55737197
24,24,2017,28407000.0,300000.0,39844443.97316467,0,1703847.2,70255291.17316467
24,24,2018,28407000.0,300000.0,57568304.40392005,0,2390948.6,88666253.00392005
24,24,2019,28407000.0,300000.0,36532370.19161134,0,1455521.3,66694891.49161134
24,24,2020,28484827.39726027,300000.0,23440321.287149392,0,1168574.3,53393722.98440966
25,25,2000,28484827.39726027,300000.0,22258316.257200684,0,1167958.9,52211102.55446096
25,25,2001,28407000.0,300000.0,53991057.71698885,0,1777775.4,84475833.11698885
25,25,2002,28407000.0,300000.0,35577911.677962735,0,1541171.9,65826083.577962734
25,25,2003,28407000.0,300000.0,39998464.632037185,0,1403915.7000000002,70109380.33203718
25,25,2004,28484827.39726027,300000.0,36921776.28941202,0,1052408.5,66759012.18667229
25,25,2005,28407000.0,300000.0,43879152.76175909,0,1352011.4,73938164.1617591
25,25,2006,28407000.0,300000.0,34326412.34916205,0,1309581.2,64342993.54916205
25,25,2007,28407000.0,300000.0,73836040.86994217,0,1894158.7,104437199.56994218
25,25,2008,28484827.39726027,300000.0,64841134.40325326,0,2229395.8,95855357.60051353
25,25,2009,28407000.0,300000.0,48335900.24200594,0,1185938.9,78228839.14200594
25,25,2010,28407000.0,300000.0,39618128.195899606,0,1745481.1,70070609.2958996
25,25,2011,28407000.0,300000.0,52577682.61161254,0,2589176.1,83873858.71161254
25,25,2012,28484827.39726027,300000.0,36060825.286255196,0,1449521.3,66295173.983515464
25,25,2013,28407000.0,300000.0,25971570.892325696,0,935093.2,55613664.092325695
25,25,2014,28407000.0,300000.0,37254560.48582115,0,1329796.0,67291356.48582116
25,25,2015,28407000.0,300000.0,42566959.114438705,0,1393782.5,72667741.61443871
25,25,2016,28484827.39726027,300000.0,28126706.46255592,0,1472846.0,58384379.85981619
25,25,2017,28407000.0,300000.0,38395861.76287698,0,947857.0,68050718.76287699
25,25,2018,28407000.0,300000.0,42787152.889565304,0,1483829.8,72977982.6895653
25,25,2019,28407000.0,300000.0,51065979.93991224,0,1631727.3,81404707.23991224
25,25,2020,28484827.39726027,300000.0,43570799.84923046,0,1606088.2,73961715.44649073
26,26,2000,28484827.39726027,300000.0,31301009.053751294,0,941531.2,61027367.651011564
26,26,2001,28407000.0,300000.0,46151181.98238447,0,1445893.2,76304075.18238448
26,26,2002,28407000.0,300000.0,39567210.03794143,0,1611649.8,69885859.83794144
26,26,2003,28407000.0,300000.0,67014163.84883609,0,1361063.5,97082227.3488361
26,26,2004,28484827.39726027,300000.0,76449470.88449398,0,2376978.4,107611276.68175426
26,26,2005,28407000.0,300000.0,53028594.34551901,0,1482199.4,83217793.74551901
26,26,2006,28407000.0,300000.0,40666931.33980125,0,1370088.0,70744019.33980125
26,26,2007,28407000.0,300000.0,46270051.599304974,0,1804932.8,76781984.39930497
26,26,2008,28484827.39726027,300000.0,45145514.50131147,0,1440400.4,75370742.29857175
26,26,2009,28407000.0,300000.0,60424749.29668819,0,1561825.4000000001,90693574.69668819
26,26,2010,28407000.0,300000.0,55517753.636757694,0,1077854.9000000001,85302608.5367577
26,26,2011,28407000.0,300000.0,52215987.35927596,0,2492430.9000000004,83415418.25927596
26,26,2012,28484827.39726027,300000.0,21524551.461613532,0,953034.0,51262412.8588738
26,26,2013,28407000.0,300000.0,41415324.62367053,0,1592009.9,71714334.52367054
26,26,2014,28407000.0,300000.0,46414313.96834538,0,1668238.5,76789552.46834537
26,26,2015,28407000.0,300000.0,64350469.46830347,0,2051136.8,95108606.26830347
26,26,2016,28484827.39726027,300000.0,64964312.46018432,0,2471437.7,96220577.55744459
26,26,2017,28407000.0,300000.0,34366383.807028905,0,1347600.6,64420984.407028906
26,26,2018,28407000.0,300000.0,86225175.69848204,0,2123257.3,117055432.99848203
26,26,2019,28407000.0,300000.0,33155276.680871483,0,1093167.0,62955443.68087149
26,26,2020,28484827.39726027,300000.0,33798145.33592445,0,1672074.0,64255046.73318472
27,27,2000,28484827.39726027,300000.0,47886226.85037416,0,2248984.1999999997,78920038.44763443
27,27,2001,28407000.0,300000.0,54096875.72084925,0,1693095.5,84496971.22084925
27,27,2002,28407000.0,300000.0,52108762.10463267,0,1513274.4000000001,82329036.50463267
27,27,2003,28407000.0,300000.0,72176344.65216385,0,2400741.3,103284085.95216385
27,27,2004,28484827.39726027,300000.0,60015005.42780106,0,1364404.5999999999,90164237.42506133
27,27,2005,28407000.0,300000.0,58327470.41317843,0,2342795.0,89377265.41317843
27,27,2006,28407000.0,300000.0,46132594.801547885,0,1843814.7000000002,76683409.50154789
27,27,2007,28407000.0,300000.0,48060728.805841394,0,2001723.8,78769452.6058414
27,27,2008,28484827.39726027,300000.0,30861636.876010332,0,1446769.8,61093234.073270604
27,27,2009,28407000.0,300000.0,41204050.249642536,0,1141703.1,71052753.34964253
27,27,2010,28407000.0,300000.0,39404779.31911509,0,1208277.5,69320056.81911509
27,27,2011,28407000.0,300000.0,39985462.01237981,0,2147031.9,70839493.91237982
27,27,2012,28484827.39726027,300000.0,33076885.914688308,0,1726293.7,63588007.01194858
27,27,2013,28407000.0,300000.0,39879480.20395901,0,1094097.7,69680577.903959
27,27,2014,28407000.0,300000.0,44797301.784248106,0,1335137.9,74839439.6842481
27,27,2015,28407000.0,300000.0,46607832.95879163,0,1501811.2000000002,76816644.15879163
27,27,2016,28484827.39726027,300000.0,29132758.504454724,0,914604.6,58832190.501715
27,27,2017,28407000.0,300000.0,37087254.63193135,0,905456.7000000001,66699711.33193135
27,27,2018,28407000.0,300000.0,67934847.12551449,0,2191323.5,98833170.62551449
27,27,2019,28407000.0,300000.0,39141119.68193657,0,1260922.8,69109042.48193657
27,27,2020,28484827.39726027,300000.0,40873830.60816888,0,1279287.2,70937945.20542915
28,28,2000,28484827.39726027,300000.0,27397197.603081845,0,988808.7000000001,57170833.70034212
28,28,2001,28407000.0,300000.0,53207482.20609067,0,1565577.1,83480059.30609067
28,28,2002,28407000.0,300000.0,41876237.619576864,0,1341546.6,71924784.21957687
28,28,2003,28407000.0,300000.0,44954097.672216594,0,1054517.8,74715615.47221659
28,28,2004,28484827.39726027,300000.0,19795516.657924566,0,970646.0,49550990.05518484
28,28,2005,28407000.0,300000.0,71378055.59613906,0,1991041.4000000001,102076096.99613906
28,28,2006,28407000.0,300000.0,27446106.423689034,0,1116448.0,57269554.42368904
28,28,2007,28407000.0,300000.0,50633217.57076232,0,1818162.6,81158380.17076232
28,28,2008,28484827.39726027,300000.0,59102592.354560494,0,2469696.4,90357116.15182076
28,28,2009,28407000.0,300000.0,58253360.757124,0,1334535.1,88294895.857124
28,28,2010,28407000.0,300000.0,51807340.461514995,0,1575219.5999999999,82089560.06151499
28,28,2011,28407000.0,300000.0,37910224.453908384,0,1446303.8,68063528.25390838
28,28,2012,28484827.39726027,300000.0,48308280.36648737,0,1710969.2,78804076.96374764
28,28,2013,28407000.0,300000.0,54956103.36326321,0,1940092.9,85603196.26326321
28,28,2014,28407000.0,300000.0,45005724.17503994,0,1766736.6,75479460.77503994
28,28,2015,28407000.0,300000.0,42375783.59317616,0,1124185.7,72206969.29317616
28,28,2016,28484827.39726027,300000.0,33668111.77293671,0,1174627.5,63627566.67019698
28,28,2017,28407000.0,300000.0,37489089.6900594,0,1516411.0,67712500.6900594
28,28,2018,28407000.0,300000.0,66105665.43144091,0,1458342.6,96271008.03144091
28,28,2019,28407000.0,300000.0,28450446.40348134,0,879352.6,58036799.003481336
28,28,2020,28484827.39726027,300000.0,31290971.51643866,0,1136854.5,61212653.41369893
29,29,2000,28484827.39726027,300000.0,18553497.87225125,0,980701.0,48319026.26951152
29,29,2001,28407000.0,300000.0,61964866.51809129,0,1946721.5999999999,92618588.11809129
29,29,2002,28407000.0,300000.0,46389399.48938072,0,1553031.0,76649430.48938072
29,29,2003,28407000.0,300000.0,62546754.718924716,0,1525656.2,92779410.91892472
29,29,2004,28484827.39726027,300000.0,31081034.93544849,0,1188527.9,61054390.23270876
29,29,2005,28407000.0,300000.0,21299334.278309233,0,1008253.6,51014587.878309235
29,29,2006,28407000.0,300000.0,55175371.796838135,0,2832106.9,86714478.69683814
29,29,2007,28407000.0,300000.0,31846322.900180142,0,1272221.0,61825543.900180146
29,29,2008,28484827.39726027,300000.0,52579226.0949277,0,1459902.8,82823956.29218797
29,29,2009,28407000.0,300000.0,28683129.30234765,0,1065966.4,58456095.70234765
29,29,2010,28407000.0,300000.0,25121972.283986185,0,1180337.0,55009309.28398618
29,29,2011,28407000.0,300000.0,42748545.3705485,0,1913168.4,73368713.77054851
29,29,2012,28484827.39726027,300000.0,26419431.96929311,0,1225573.6,56429832.96655338
29,29,2013,28407000.0,300000.0,62078854.83818905,0,2106602.1,92892456.93818904
29,29,2014,28407000.0,300000.0,38580910.59164818,0,1581929.7,68869840.29164818
29,29,2015,28407000.0,300000.0,54340267.02930098,0,1495319.7,84542586.72930098
29,29,2016,28484827.39726027,300000.0,73902643.64400582,0,2122162.4,104809633.4412661
29,29,2017,28407000.0,300000.0,49174875.75567191,0,1562565.0,79444440.75567192
29,29,2018,28407000.0,300000.0,25989355.199784566,0,1204702.0,55901057.19978456
29,29,2019,28407000.0,300000.0,47870563.79450459,0,1297831.5,77875395.29450458
29,29,2020,28484827.39726027,300000.0,45334685.411740616,0,1506112.2,75625625.00900088
30,30,2000,28484827.39726027,300000.0,23895099.692728803,0,791169.1,53471096.189989075
30,30,2001,28407000.0,300000.0,17339008.53301815,0,1143072.0,47189080.53301815
30,30,2002,28407000.0,300000.0,30817296.60160287,0,1342464.2,60866760.80160287
30,30,2003,28407000.0,300000.0,48311474.08666614,0,1495880.5999999999,78514354.68666613
30,30,2004,28484827.39726027,300000.0,34559404.88601776,0,1676017.5999999999,65020249.883278035
30,30,2005,28407000.0,300000.0,41777544.7580957,0,1718104.4000000001,72202649.1580957
30,30,2006,28407000.0,300000.0,52513931.913564265,0,1985316.1,83206248.01356426
30,30,2007,28407000.0,300000.0,38735526.59212082,0,1495606.8,68938133.39212082
30,30,2008,28484827.39726027,300000.0,40211857.858929135,0,1808726.6,70805411.8561894
30,30,2009,28407000.0,300000.0,55603040.87027184,0,2048876.0999999999,86358916.97027184
30,30,2010,28407000.0,300000.0,31120686.14545497,0,902305.8,60729991.94545497
30,30,2011,28407000.0,300000.0,47461490.82355647,0,1871752.9000000001,78040243.72355647
30,30,2012,28484827.39726027,300000.0,40243596.50176667,0,1699902.6,70728326.49902694
30,30,2013,28407000.0,300000.0,28335439.428679276,0,797810.5,57840249.92867927
30,30,2014,28407000.0,300000.0,54209337.647206984,0,1866906.2000000002,84783243.84720698
30,30,2015,28407000.0,300000.0,41237292.35954715,0,1379400.9000000001,71323693.25954716
30,30,2016,28484827.39726027,300000.0,59955900.742506795,0,2036524.4,90777252.53976707
30,30,2017,28407000.0,300000.0,44512618.09111207,0,1395288.4,74614906.49111207
30,30,2018,28407000.0,300000.0,25821192.601192877,0,1736360.6,56264553.20119288
30,30,2019,28407000.0,300000.0,46048084.96136352,0,1630769.0,76385853.96136352
30,30,2020,28484827.39726027,300000.0,23967453.10815727,0,866779.5,53619060.00541754
31,31,2000,28484827.39726027,300000.0,16611914.404031595,0,927836.9,46324578.70129187
31,31,2001,28407000.0,300000.0,38133485.91898042,0,1589654.0999999999,68430140.01898041
31,31,2002,28407000.0,300000.0,34965449.50263697,0,1188731.9,64861181.40263697
31,31,2003,28407000.0,300000.0,33684546.56316081,0,1731238.0999999999,64122784.66316081
31,31,2004,28484827.39726027,300000.0,24112140.795135595,0,1092289.5,53989257.692395866
31,31,2005,28407000.0,300000.0,59636616.50229435,0,1596720.8,89940337.30229434
31,31,2006,28407000.0,300000.0,45211468.33900257,0,1397000.2,75315468.53900257
31,31,2007,28407000.0,300000.0,43334933.60888454,0,2098139.5,74140073.10888454
31,31,2008,28484827.39726027,300000.0,59994354.04258957,0,2244845.3,91024026.73984984
31,31,2009,28407000.0,300000.0,31447881.065323394,0,1557195.9,61712076.965323396
31,31,2010,28407000.0,300000.0,52720690.77707993,0,1048518.6000000001,82476209.37707993
31,31,2011,28407000.0,300000.0,45976137.33897524,0,1259224.2,75942361.53897524
31,31,2012,28484827.39726027,300000.0,38214196.824849926,0,1819902.5,68818926.7221102
31,31,2013,28407000.0,300000.0,33047472.863474745,0,1827215.0000000002,63581687.86347475
31,31,2014,28407000.0,300000.0,45630493.80579746,0,1961651.4999999998,76299145.30579746
31,31,2015,28407000.0,300000.0,23664453.73237114,0,1146440.9,53517894.63237114
31,31,2016,28484827.39726027,300000.0,44869133.42970615,0,1051257.9000000001,74705218.72696643
31,31,2017,28407000.0,300000.0,46759121.32975719,0,1323221.9000000001,76789343.22975719
31,31,2018,28407000.0,300000.0,28060518.91981806,0,1453794.5999999999,58221313.51981806
31,31,2019,28407000.0,300000.0,30414364.729181603,0,1382579.3,60503944.0291816
31,31,2020,28484827.39726027,300000.0,55260039.13352175,0,1677073.1,85721939.63078202
32,32,2000,28484827.39726027,300000.0,61916943.147747785,0,1728432.0,92430202.54500806
32,32,2001,28407000.0,300000.0,24269988.56807813,0,1114613.8,54091602.36807813
32,32,2002,28407000.0,300000.0,43125843.641808346,0,1515178.2,73348021.84180835
32,32,2003,28407000.0,300000.0,28855387.487949334,0,1263880.5,58826267.987949334
32,32,2004,28484827.39726027,300000.0,54773368.289849944,0,1719116.9000000001,85277312.58711022
32,32,2005,28407000.0,300000.0,57415139.062526226,0,2333783.4,88455922.46252623
32,32,2006,28407000.0,300000.0,42854959.098331496,0,1636108.7,73198067.7983315
32,32,2007,28407000.0,300000.0,59175244.42303421,0,1679304.5999999999,89561549.02303421
32,32,2008,28484827.39726027,300000.0,39632766.216475,0,1561605.7000000002,69979199.31373528
32,32,2009,28407000.0,300000.0,54222273.94002878,0,1184623.8,84113897.74002878
32,32,2010,28407000.0,300000.0,62636929.08123925,0,1897966.8,93241895.88123925
32,32,2011,28407000.0,300000.0,49085618.31888904,0,2071035.2,79863653.51888904
32,32,2012,28484827.39726027,300000.0,51744488.70948305,0,1471228.4,82000544.50674333
32,32,2013,28407000.0,300000.0,50811717.172140665,0,1340478.6,80859195.77214067
32,32,2014,28407000.0,300000.0,72615944.30729307,0,1732786.5,103055730.80729307
32,32,2015,28407000.0,300000.0,54331878.584814236,0,1362692.7,84401571.28481424
32,32,2016,28484827.39726027,300000.0,39159216.73339344,0,1195212.6,69139256.7306537
32,32,2017,28407000.0,300000.0,27519318.111822996,0,1042753.4,57269071.511823
32,32,2018,28407000.0,300000.0,69836155.99686469,0,1807439.8,100350595.79686469
32,32,2019,28407000.0,300000.0,37713219.27275033,0,1041369.0,67461588.27275033
32,32,2020,28484827.39726027,300000.0,42573894.67167952,0,1326592.0,72685314.06893979
33,33,2000,28484827.39726027,300000.0,52465482.739680104,0,1747318.2999999998,82997628.43694037
33,33,2001,28407000.0,300000.0,57926239.07340532,0,2511988.6,89145227.67340532
33,33,2002,28407000.0,300000.0,27026916.109739654,0,1425718.9,57159635.00973965
33,33,2003,28407000.0,300000.0,30463573.380525965,0,913891.8,60084465.180525966
33,33,2004,28484827.39726027,300000.0,29745397.5963383,0,1008226.0000000001,59538450.99359857
33,33,2005,28407000.0,300000.0,61308781.6213944,0,1588558.3,91604339.92139441
33,33,2006,28407000.0,300000.0,33102393.716241084,0,1413338.2,63222731.91624109
33,33,2007,28407000.0,300000.0,63588430.80280838,0,1253129.5,93548560.30280837
33,33,2008,28484827.39726027,300000.0,51398789.698752694,0,1625508.8,81809125.89601296
33,33,2009,28407000.0,300000.0,53294361.81295801,0,1442933.9,83444295.71295801
33,33,2010,28407000.0,300000.0,65062048.42881823,0,1844020.0,95613068.42881823
33,33,2011,28407000.0,300000.0,44101468.617493965,0,1083785.1,73892253.71749397
33,33,2012,28484827.39726027,300000.0,33775333.230059005,0,1483925.3,64044085.92731927
33,33,2013,28407000.0,300000.0,57220685.7823011,0,2219125.3,88146811.0823011
33,33,2014,28407000.0,300000.0,20348464.95520045,0,1131034.2,50186499.15520045
33,33,2015,28407000.0,300000.0,55548184.9695999,0,1723718.7000000002,85978903.6695999
33,33,2016,28484827.39726027,300000.0,13461210.50827394,0,1018033.0,43264070.90553421
33,33,2017,28407000.0,300000.0,32379647.98078543,0,1218040.8,62304688.78078543
33,33,2018,28407000.0,300000.0,71054768.94250539,0,2221589.9,101983358.8425054
33,33,2019,28407000.0,300000.0,43616586.43482762,0,1519398.0,73842984.43482763
33,33,2020,28484827.39726027,300000.0,48065402.023079574,0,1328316.9000000001,78178546.32033984
34,34,2000,28484827.39726027,300000.0,46142016.83330589,0,1989783.0999999999,76916627.33056615
34,34,2001,28407000.0,300000.0,18914721.932697535,0,721470.4,48343192.33269753
34,34,2002,28407000.0,300000.0,48487882.76920641,0,2345494.1,79540376.86920641
34,34,2003,28407000.0,300000.0,27845470.852080192,0,1404436.6,57956907.45208019
34,34,2004,28484827.39726027,300000.0,46813456.29431492,0,1683906.5,77282190.1915752
34,34,2005,28407000.0,300000.0,82134850.0077471,0,2129036.9,112970886.9077471
34,34,2006,28407000.0,300000.0,40035119.32724433,0,1754984.8,70497104.12724432
34,34,2007,28407000.0,300000.0,52852650.65964855,0,1409627.6,82969278.25964855
34,34,2008,28484827.39726027,300000.0,28011313.428420015,0,1171243.7,57967384.52568029
34,34,2009,28407000.0,300000.0,28008260.871163115,0,1147181.0,57862441.871163115
34,34,2010,28407000.0,300000.0,44229510.36259043,0,1277369.5999999999,74213879.96259043
34,34,2011,28407000.0,300000.0,37042850.516074285,0,1436675.7,67186526.21607429
34,34,2012,28484827.39726027,300000.0,61057241.11432967,0,1520711.4,91362779.91158995
34,34,2013,28407000.0,300000.0,37914529.98137618,0,910250.0,67531779.98137617
34,34,2014,28407000.0,300000.0,73672752.61878714,0,2673691.9,105053444.51878715
34,34,2015,28407000.0,300000.0,27042921.630509917,0,1139032.5,56888954.13050991
34,34,2016,28484827.39726027,300000.0,50717260.0492573,0,1134033.3,80636120.74651757
34,34,2017,28407000.0,300000.0,74390417.49394909,0,2534682.3000000003,105632099.79394908
34,34,2018,28407000.0,300000.0,51257319.4319187,0,1398725.9,81363045.3319187
34,34,2019,28407000.0,300000.0,43743712.39045085,0,1892529.6,74343241.99045084
34,34,2020,28484827.39726027,300000.0,56327188.53090929,0,1923988.2,87036004.12816957
35,35,2000,28484827.39726027,300000.0,62757399.0629479,0,2022447.2,93564673.66020817
35,35,2001,28407000.0,300000.0,60375757.61048175,0,2589093.9,91671851.51048175
35,35,2002,28407000.0,300000.0,34712622.95488743,0,1044451.6000000001,64464074.55488743
35,35,2003,28407000.0,300000.0,43226689.5465725,0,1227162.9000000001,73160852.4465725
35,35,2004,28484827.39726027,300000.0,53271792.63950563,0,1639122.2,83695742.2367659
35,35,2005,28407000.0,300000.0,54633636.42139623,0,2496144.1,85836780.52139623
35,35,2006,28407000.0,300000.0,28150177.01141622,0,1512849.2,58370026.21141622
35,35,2007,28407000.0,300000.0,40159764.429429725,0,970646.6,69837411.02942972
35,35,2008,28484827.39726027,300000.0,44857040.21005611,0,1556415.0999999999,75198282.70731638
35,35,2009,28407000.0,300000.0,43433588.16996952,0,1510576.5,73651164.66996953
35,35,2010,28407000.0,300000.0,40551075.087503284,0,1889872.5,71147947.58750328
35,35,2011,28407000.0,300000.0,27578768.425108,0,1169052.5,57454820.925108
35,35,2012,28484827.39726027,300000.0,78347277.58176982,0,2142019.2,109274124.1790301
35,35,2013,28407000.0,300000.0,44286539.261711754,0,1204674.6,74198213.86171176
35,35,2014,28407000.0,300000.0,59684187.650284424,0,2009188.6,90400376.25028442
35,35,2015,28407000.0,300000.0,38750549.77809398,0,1368033.1,68825582.87809397
35,35,2016,28484827.39726027,300000.0,65640444.21716893,0,1961363.8,96386635.4144292
35,35,2017,28407000.0,300000.0,15930225.901331354,0,1096507.7,45733733.60133135
35,35,2018,28407000.0,300000.0,34752151.452414446,0,1089619.0,64548770.452414446
35,35,2019,28407000.0,300000.0,32400346.086014062,0,896349.1000000001,62003695.18601406
35,35,2020,28484827.39726027,300000.0,41859645.89073996,0,1608416.2999999998,72252889.58800024
36,36,2000,28484827.39726027,300000.0,14347829.458193276,0,568303.0,43700959.85545355
36,36,2001,28407000.0,300000.0,21913333.523068316,0,1357214.4,51977547.923068315
36,36,2002,28407000.0,300000.0,59132133.88005833,0,1815109.2,89654243.08005834
36,36,2003,28407000.0,300000.0,53233512.967304096,0,1477118.3,83417631.2673041
36,36,2004,28484827.39726027,300000.0,22157952.32509282,0,1365486.8,52308266.52235309
36,36,2005,28407000.0,300000.0,47572158.11957966,0,1610224.8,77889382.91957965
36,36,2006,28407000.0,300000.0,29695352.658033118,0,988820.2,59391172.85803312
36,36,2007,28407000.0,300000.0,47550611.65502204,0,1786746.0,78044357.65502204
36,36,2008,28484827.39726027,300000.0,49883343.906845786,0,1223684.3,79891855.60410605
36,36,2009,28407000.0,300000.0,26820489.843399648,0,1377401.4,56904891.24339965
36,36,2010,28407000.0,300000.0,44883894.84485715,0,1307335.8,74898230.64485715
36,36,2011,28407000.0,300000.0,89809671.14950071,0,3439022.3,121955693.44950071
36,36,2012,28484827.39726027,300000.0,10216061.393345043,0,1137017.8,40137906.59060531
36,36,2013,28407000.0,300000.0,48033226.64114342,0,1730909.5,78471136.14114341
36,36,2014,28407000.0,300000.0,34154213.82078976,0,1265974.7,64127188.520789765
36,36,2015,28407000.0,300000.0,45063405.7881069,0,1225574.5,74995980.2881069
36,36,2016,28484827.39726027,300000.0,17333210.96678399,0,814572.7999999999,46932611.16404426
36,36,2017,28407000.0,300000.0,44614948.167044185,0,1402588.4,74724536.56704418
36,36,2018,28407000.0,300000.0,19638894.389389805,0,1008405.3,49354299.6893898
36,36,2019,28407000.0,300000.0,48557989.56339918,0,1402478.6,78667468.16339917
36,36,2020,28484827.39726027,300000.0,22451085.896378685,0,895937.4,52131850.69363896
37,37,2000,28484827.39726027,300000.0,58138187.70383702,0,1740772.3,88663787.4010973
37,37,2001,28407000.0,300000.0,48461386.44288591,0,1706093.1,78874479.54288591
37,37,2002,28407000.0,300000.0,75663993.59811679,0,2018431.7,106389425.29811679
37,37,2003,28407000.0,300000.0,23421399.23489664,0,937997.1000000001,53066396.33489664
37,37,2004,28484827.39726027,300000.0,52039093.61367664,0,1284819.9,82108740.9109369
37,37,2005,28407000.0,300000.0,56536174.15835597,0,2226753.6,87469927.75835598
37,37,2006,28407000.0,300000.0,55652865.95832256,0,2013227.7,86373093.65832256
37,37,2007,28407000.0,300000.0,29422014.072697002,0,1057133.2,59186147.272697
37,37,2008,28484827.39726027,300000.0,62304190.04075961,0,1897226.2,92986243.63801987
37,37,2009,28407000.0,300000.0,32991710.14377257,0,1204783.5999999999,62903493.74377257
37,37,2010,28407000.0,300000.0,54441738.826642975,0,1725129.3,84873868.12664297
37,37,2011,28407000.0,300000.0,34587420.873734064,0,885432.5,64179853.373734064
37,37,2012,28484827.39726027,300000.0,32958090.386449456,0,1065391.7,62808309.48370973
37,37,2013,28407000.0,300000.0,48715794.392691836,0,1345354.3,78768148.69269183
37,37,2014,28407000.0,300000.0,14265857.22342296,0,1190760.2,44163617.42342296
37,37,2015,28407000.0,300000.0,36100847.48301229,0,1109627.4000000001,65917474.88301229
37,37,2016,28484827.39726027,300000.0,30362293.295547456,0,1348916.0999999999,60496036.79280773
37,37,2017,28407000.0,300000.0,30764396.27729713,0,923206.0,60394602.27729713
37,37,2018,28407000.0,300000.0,62768872.44133716,0,2175943.0,93651815.44133717
37,37,2019,28407000.0,300000.0,32614157.784759995,0,1809562.7,63130720.484759994
37,37,2020,28484827.39726027,300000.0,27504385.887518927,0,821776.7000000001,57110989.9847792
38,38,2000,28484827.39726027,300000.0,34474737.48200322,0,878395.2000000001,64137960.07926349
38,38,2001,28407000.0,300000.0,33459907.728152446,0,1043479.4,63210387.128152445
38,38,2002,28407000.0,300000.0,33966238.17490006,0,1559360.0,64232598.17490006
38,38,2003,28407000.0,300000.0,36687322.24835068,0,1527791.8,66922114.04835068
38,38,2004,28484827.39726027,300000.0,37974576.53812189,0,1682317.7,68441721.63538216
38,38,2005,28407000.0,300000.0,39356554.46589713,0,1467503.8,69531058.26589713
38,38,2006,28407000.0,300000.0,62165193.84641417,0,1533750.0,92405943.84641418
38,38,2007,28407000.0,300000.0,56953475.95403742,0,2401001.6,88061477.55403742
38,38,2008,28484827.39726027,300000.0,45360999.60559154,0,1616716.2,75762543.20285182
38,38,2009,28407000.0,300000.0,29712086.99251923,0,879078.4,59298165.39251923
38,38,2010,28407000.0,300000.0,23706627.31899278,0,768364.3,53181991.618992776
38,38,2011,28407000.0,300000.0,40285555.855072305,0,1780321.9000000001,70772877.75507231
38,38,2012,28484827.39726027,300000.0,32032816.231540527,0,1006034.7,61823678.3288008
38,38,2013,28407000.0,300000.0,60775809.986714944,0,2034975.3,91517785.28671494
38,38,2014,28407000.0,300000.0,53019736.076255545,0,1839567.9000000001,83566303.97625555
38,38,2015,28407000.0,300000.0,64229169.448920004,0,3547311.5,96483480.94892001
38,38,2016,28484827.39726027,300000.0,18963921.990031525,0,1071171.0,48819920.3872918
38,38,2017,28407000.0,300000.0,33190539.191416334,0,2036729.7,63934268.89141633
38,38,2018,28407000.0,300000.0,40360449.652074896,0,1107381.8,70174831.4520749
38,38,2019,28407000.0,300000.0,49576577.24960848,0,1595625.3,79879202.54960848
38,38,2020,28484827.39726027,300000.0,24999702.895647585,0,1509727.5,55294257.79290786
39,39,2000,28484827.39726027,300000.0,28625629.58686259,0,1047260.7,58457717.68412286
39,39,2001,28407000.0,300000.0,51775167.9389692,0,2743921.1,83226089.0389692
39,39,2002,28407000.0,300000.0,46303397.56167841,0,1588914.1,76599311.6616784
39,39,2003,28407000.0,300000.0,58805809.003395095,0,1850416.2999999998,89363225.30339509
39,39,2004,28484827.39726027,300000.0,51726137.87810223,0,1146427.5999999999,81657392.8753625
39,39,2005,28407000.0,300000.0,6029193.327398209,0,849032.1,35585225.42739821
39,39,2006,28407000.0,300000.0,30530804.03918962,0,1201907.2,60439711.239189625
39,39,2007,28407000.0,300000.0,80590427.60020036,0,1916729.0,111214156.60020036
39,39,2008,28484827.39726027,300000.0,55534628.17947616,0,2012104.3,86331559.87673643
39,39,2009,28407000.0,300000.0,50092681.683592774,0,1671771.5,80471453.18359277
39,39,2010,28407000.0,300000.0,76371720.57661223,0,2410395.7,107489116.27661224
39,39,2011,28407000.0,300000.0,53836559.999088384,0,1356817.6,83900377.59908839
39,39,2012,28484827.39726027,300000.0,22721841.254580867,0,1313798.5999999999,52820467.251841135
39,39,2013,28407000.0,300000.0,35011529.43618782,0,1615976.6,65334506.03618782
39,39,2014,28407000.0,300000.0,51160442.77430574,0,1186542.7,81053985.47430573
39,39,2015,28407000.0,300000.0,53664898.41074263,0,1534310.5,83906208.91074264
39,39,2016,28484827.39726027,300000.0,42199792.05376561,0,1313280.0,72297899.45102587
39,39,2017,28407000.0,300000.0,54038855.29776313,0,2006379.5999999999,84752234.89776313
39,39,2018,28407000.0,300000.0,71544748.30187085,0,1719185.5999999999,101970933.90187085
39,39,2019,28407000.0,300000.0,25196768.65810146,0,1448562.7,55352331.358101465
39,39,2020,28484827.39726027,300000.0,30680515.297865886,0,1299282.5,60764625.19512616
40,40,2000,28484827.39726027,300000.0,48701130.696011215,0,1250035.7999999998,78735993.89327149
40,40,2001,28407000.0,300000.0,78923517.0040377,0,2945122.0,110575639.0040377
40,40,2002,28407000.0,300000.0,39428610.30920848,0,1685576.5,69821186.80920848
40,40,2003,28407000.0,300000.0,69116781.53570072,0,2532764.6,100356546.13570072
40,40,2004,28484827.39726027,300000.0,66188911.929436035,0,1455821.7000000002,96429561.02669631
40,40,2005,28407000.0,300000.0,64085352.462212116,0,1828392.8,94620745.26221211
40,40,2006,28407000.0,300000.0,43242634.40231381,0,1549937.8,73499572.20231381
40,40,2007,28407000.0,300000.0,48499125.26477098,0,1454233.0,78660358.26477098
40,40,2008,28484827.39726027,300000.0,36405466.846663475,0,1040384.2,66230678.44392375
40,40,2009,28407000.0,300000.0,46115164.68988864,0,1280575.2,76102739.88988864
40,40,2010,28407000.0,300000.0,35667366.53292529,0,1546499.0999999999,65920865.632925294
40,40,2011,28407000.0,300000.0,40815086.420835644,0,1672264.7,71194351.12083565
40,40,2012,28484827.39726027,300000.0,46667671.391853034,0,2235011.7,77687510.4891133
40,40,2013,28407000.0,300000.0,31278117.600940887,0,950787.1000000001,60935904.700940885
40,40,2014,28407000.0,300000.0,43443740.69641756,0,1918454.1,74069194.79641756
40,40,2015,28407000.0,300000.0,43862132.11449277,0,1694794.3,74263926.41449277
40,40,2016,28484827.39726027,300000.0,69474867.32184452,0,2273085.8000000003,100532780.5191048
40,40,2017,28407000.0,300000.0,24970907.17270249,0,1514274.3,55192181.47270249
40,40,2018,28407000.0,300000.0,40517339.23223214,0,1580041.1,70804380.33223213
40,40,2019,28407000.0,300000.0,26900431.39974492,0,1228944.0,56836375.39974492
40,40,2020,28484827.39726027,300000.0,49971986.47706873,0,1764230.7,80521044.574329
41,41,2000,28484827.39726027,300000.0,26027374.589714482,0,1122066.0,55934267.98697475
41,41,2001,28407000.0,300000.0,17433763.925599508,0,1430183.5999999999,47570947.52559951
41,41,2002,28407000.0,300000.0,36693526.30520156,0,1199100.4000000001,66599626.70520156
41,41,2003,28407000.0,300000.0,66105140.06348436,0,2907583.4,97719723.46348436
41,41,2004,28484827.39726027,300000.0,79796392.17652927,0,2205580.4,110786799.97378956
41,41,2005,28407000.0,300000.0,67575577.50300592,0,2095879.0,98378456.50300592
41,41,2006,28407000.0,300000.0,58976134.36758925,0,1569973.1,89253107.46758924
41,41,2007,28407000.0,300000.0,50505320.097083524,0,1406723.7,80619043.79708353
41,41,2008,28484827.39726027,300000.0,45998492.881933786,0,1743411.5,76526731.77919406
41,41,2009,28407000.0,300000.0,46847288.757313505,0,1544500.5,77098789.2573135
41,41,2010,28407000.0,300000.0,74925402.37783173,0,1392877.8,105025280.17783172
41,41,2011,28407000.0,300000.0,40789263.397539064,0,1725280.7,71221544.09753907
41,41,2012,28484827.39726027,300000.0,27845901.298573863,0,1540020.8,58170749.495834135
41,41,2013,28407000.0,300000.0,45077519.8953085,0,2090264.6,75874784.4953085
41,41,2014,28407000.0,300000.0,55385503.220979355,0,1499730.6,85592233.82097936
41,41,2015,28407000.0,300000.0,44051463.621276625,0,1169859.8,73928323.42127663
41,41,2016,28484827.39726027,300000.0,56335839.02208429,0,1235627.0,86356293.41934456
41,41,2017,28407000.0,300000.0,13770486.201284211,0,878339.7,43355825.90128421
41,41,2018,28407000.0,300000.0,49450477.84229548,0,2033058.8,80190536.64229548
41,41,2019,28407000.0,300000.0,55604896.223218635,0,1785541.0,86097437.22321863
41,41,2020,28484827.39726027,300000.0,46622163.85921842,0,1948927.7,77355918.95647869
42,42,2000,28484827.39726027,300000.0,51176867.073241755,0,1914663.7000000002,81876358.17050202
42,42,2001,28407000.0,300000.0,23038605.65909838,0,927615.5,52673221.15909838
42,42,2002,28407000.0,300000.0,22237859.708195113,0,933887.2,51878746.908195116
42,42,2003,28407000.0,300000.0,46084151.439780734,0,962375.1,75753526.53978074
42,42,2004,28484827.39726027,300000.0,60417616.70429704,0,1923741.1,91126185.20155731
42,42,2005,28407000.0,300000.0,58309672.11939486,0,1365130.3,88381802.41939487
42,42,2006,28407000.0,300000.0,38656084.54490716,0,1414078.2999999998,68777162.84490716
42,42,2007,28407000.0,300000.0,46873026.84355403,0,2107602.2,77687629.04355402
42,42,2008,28484827.39726027,300000.0,43406358.05551347,0,1528476.7,73719662.15277374
42,42,2009,28407000.0,300000.0,38979427.80438671,0,1628535.0999999999,69314962.90438671
42,42,2010,28407000.0,300000.0,43118126.444721915,0,1557169.1,73382295.54472192
42,42,2011,28407000.0,300000.0,57777912.5182612,0,2218289.9,88703202.4182612
42,42,2012,28484827.39726027,300000.0,55212564.88401822,0,2539639.6999999997,86537031.9812785
42,42,2013,28407000.0,300000.0,73542641.05423383,0,2622702.2,104872343.25423384
42,42,2014,28407000.0,300000.0,54762341.611282445,0,1497195.7,84966537.31128244
42,42,2015,28407000.0,300000.0,48900753.140123785,0,1061172.7,78668925.84012379
42,42,2016,28484827.39726027,300000.0,36544067.519545324,0,1408873.3,66737768.21680559
42,42,2017,28407000.0,300000.0,33753510.25526471,0,1439455.7,63899965.95526471
42,42,2018,28407000.0,300000.0,52601506.997875124,0,2074884.3,83383391.29787512
42,42,2019,28407000.0,300000.0,58814236.01739344,0,1756725.8,89277961.81739344
42,42,2020,28484827.39726027,300000.0,32215946.14675085,0,1250171.2,62250944.74401112
43,43,2000,28484827.39726027,300000.0,29513501.826342106,0,1192459.6,59490788.82360238
43,43,2001,28407000.0,300000.0,41536352.14801459,0,1724047.3,71967399.44801459
43,43,2002,28407000.0,300000.0,75362047.77825399,0,2608884.8,106677932.57825398
43,43,2003,28407000.0,300000.0,32482943.780973494,0,1364226.6,62554170.380973496
43,43,2004,28484827.39726027,300000.0,53806845.78570197,0,1559701.9000000001,84151375.08296224
43,43,2005,28407000.0,300000.0,42519289.517140836,0,1054408.0,72280697.51714084
43,43,2006,28407000.0,300000.0,35196927.65922078,0,1373443.6,65277371.25922078
43,43,2007,28407000.0,300000.0,13032643.523015944,0,1169955.5,42909599.023015946
43,43,2008,28484827.39726027,300000.0,55729775.68923096,0,1417502.4000000001,85932105.48649123
43,43,2009,28407000.0,300000.0,43032414.07935069,0,1431280.8,73170694.87935069
43,43,2010,28407000.0,300000.0,47944430.54366834,0,2187912.9,78839343.44366834
43,43,2011,28407000.0,300000.0,20110420.149879083,0,855645.8,49673065.94987908
43,43,2012,28484827.39726027,300000.0,42257741.358551435,0,1281040.5999999999,72323609.3558117
43,43,2013,28407000.0,300000.0,47830884.421823435,0,1459834.8,77997719.22182344
43,43,2014,28407000.0,300000.0,59569323.66744188,0,2084483.9,90360807.56744188
43,43,2015,28407000.0,300000.0,33000576.41930996,0,1148701.2,62856277.61930996
43,43,2016,28484827.39726027,300000.0,30535207.91831997,0,887432.3,60207467.61558024
43,43,2017,28407000.0,300000.0,28996867.754621528,0,1102754.4,58806622.15462153
43,43,2018,28407000.0,300000.0,13962678.553515268,0,932449.5,43602128.05351527
43,43,2019,28407000.0,300000.0,72916096.99284993,0,1794771.5999999999,103417868.59284993
43,43,2020,28484827.39726027,300000.0,38959296.66180044,0,1852771.2000000002,69596895.25906071
44,44,2000,28484827.39726027,300000.0,40606837.78691127,0,1035592.8,70427257.98417154
44,44,2001,28407000.0,300000.0,48663126.32627474,0,1899034.3,79269160.62627473
44,44,2002,28407000.0,300000.0,53669919.558422774,0,1800413.5999999999,84177333.15842277
44,44,2003,28407000.0,300000.0,32681556.93184612,0,1395876.9,62784433.83184612
44,44,2004,28484827.39726027,300000.0,36116738.270969994,0,1229545.0999999999,66131110.76823027
44,44,2005,28407000.0,300000.0,41930573.38953267,0,1601596.8,72239170.18953267
44,44,2006,28407000.0,300000.0,44258888.46970301,0,1978962.1,74944850.56970301
44,44,2007,28407000.0,300000.0,50954038.15575208,0,2070624.2000000002,81731662.35575208
44,44,2008,28484827.39726027,300000.0,66488272.16985716,0,1761710.4,97034809.96711743
44,44,2009,28407000.0,300000.0,49589771.49099226,0,1842417.3,80139188.79099226
44,44,2010,28407000.0,300000.0,67709791.23528202,0,2061490.2,98478281.43528202
44,44,2011,28407000.0,300000.0,47615176.442595884,0,1514301.9000000001,77836478.34259589
44,44,2012,28484827.39726027,300000.0,39870717.62534925,0,1496291.7,70151836.72260952
44,44,2013,28407000.0,300000.0,56554627.25240179,0,1621536.2,86883163.45240179
44,44,2014,28407000.0,300000.0,38676049.256146014,0,1683906.3,69066955.55614601
44,44,2015,28407000.0,300000.0,41471376.22099837,0,2054150.0,72232526.22099838
44,44,2016,28484827.39726027,300000.0,17822806.811534964,0,869697.9,47477332.10879523
44,44,2017,28407000.0,300000.0,41915015.05663539,0,1213904.9,71835919.95663539
44,44,2018,28407000.0,300000.0,49481004.76710209,0,1480447.3,79668452.06710209
44,44,2019,28407000.0,300000.0,25775921.245139714,0,1132445.5,55615366.74513972
44,44,2020,28484827.39726027,300000.0,73299014.35712089,0,2189830.8,104273672.55438116
45,45,2000,28484827.39726027,300000.0,31502021.112548657,0,880394.7000000001,61167243.20980893
45,45,2001,28407000.0,300000.0,48977608.60798396,0,1769831.7000000002,79454440.30798396
45,45,2002,28407000.0,300000.0,79588413.51775485,0,2096646.9000000001,110392060.41775486
45,45,2003,28407000.0,300000.0,24897444.346958175,0,1261537.3,54865981.64695817
45,45,2004,28484827.39726027,300000.0,33378276.087908275,0,1535995.2,63699098.68516855
45,45,2005,28407000.0,300000.0,40367550.01430284,0,1321865.9,70396415.91430284
45,45,2006,28407000.0,300000.0,67288403.86150372,0,2605665.6,98601069.46150371
45,45,2007,28407000.0,300000.0,19925197.522335764,0,1333822.7,49966020.22233576
45,45,2008,28484827.39726027,300000.0,66350080.370698266,0,2327688.7,97462596.46795854
45,45,2009,28407000.0,300000.0,72908127.65377213,0,2139226.1,103754353.75377212
45,45,2010,28407000.0,300000.0,47263398.624989994,0,956403.5,76926802.12498999
45,45,2011,28407000.0,300000.0,81022628.44608337,0,1550923.3,111280551.74608336
45,45,2012,28484827.39726027,300000.0,36256444.66149914,0,1098356.5,66139628.55875941
45,45,2013,28407000.0,300000.0,42551615.31148612,0,1677058.0,72935673.31148612
45,45,2014,28407000.0,300000.0,37417382.76474496,0,1443304.1,67567686.86474496
45,45,2015,28407000.0,300000.0,27384174.559000146,0,1084565.5,57175740.05900015
45,45,2016,28484827.39726027,300000.0,55304105.83870338,0,1560633.0,85649566.23596364
45,45,2017,28407000.0,300000.0,50631366.18683001,0,1564140.0999999999,80902506.28683001
45,45,2018,28407000.0,300000.0,35743073.8353785,0,1569576.8,66019650.635378495
45,45,2019,28407000.0,300000.0,38409438.46683747,0,1034974.0000000001,68151412.46683748
45,45,2020,28484827.39726027,300000.0,81611378.61059912,0,2234108.3,112630314.30785939
46,46,2000,28484827.39726027,300000.0,39981632.283649296,0,1641274.1,70407733.78090957
46,46,2001,28407000.0,300000.0,42318039.250539444,0,1417324.1,72442363.35053945
46,46,2002,28407000.0,300000.0,45528113.66418138,0,1203702.3,75438815.96418138
46,46,2003,28407000.0,300000.0,6912495.113930958,0,647091.3999999999,36266586.51393096
46,46,2004,28484827.39726027,300000.0,71461504.2018759,0,1303939.1,101550270.69913617
46,46,2005,28407000.0,300000.0,64759921.8808659,0,2174862.1,95641783.9808659
46,46,2006,28407000.0,300000.0,35450345.561909325,0,1358611.2,65515956.76190933
46,46,2007,28407000.0,300000.0,48561657.313493244,0,2000285.5,79268942.81349325
46,46,2008,28484827.39726027,300000.0,53820318.01415022,0,1770817.2,84375962.61141048
46,46,2009,28407000.0,300000.0,49167422.95471569,0,1838460.5999999999,79712883.5547157
46,46,2010,28407000.0,300000.0,3505750.3750283592,0,735029.3,32947779.675028358
46,46,2011,28407000.0,300000.0,30429628.66308397,0,1161615.9,60298244.56308397
46,46,2012,28484827.39726027,300000.0,47256857.02073469,0,1307801.8,77349486.21799496
46,46,2013,28407000.0,300000.0,62399672.67420882,0,1968608.3,93075280.97420882
46,46,2014,28407000.0,300000.0,64256561.559014134,0,2387046.4,95350607.95901413
46,46,2015,28407000.0,300000.0,40273685.521528736,0,1746987.5,70727673.02152874
46,46,2016,28484827.39726027,300000.0,51660819.04761803,0,1277096.7,81722743.1448783
46,46,2017,28407000.0,300000.0,32923031.925583437,0,1391015.1,63021047.02558344
46,46,2018,28407000.0,300000.0,42987912.721706524,0,1536804.2,73231716.92170653
46,46,2019,28407000.0,300000.0,53712456.81661626,0,1115955.4000000001,83535412.21661626
46,46,2020,28484827.39726027,300000.0,25892646.75352127,0,1063502.8,55740976.95078154
47,47,2000,28484827.39726027,300000.0,48811936.172828056,0,1204622.2,78801385.77008833
47,47,2001,28407000.0,300000.0,36872944.563535646,0,1429664.7,67009609.26353565
47,47,2002,28407000.0,300000.0,29797417.29641224,0,700215.7,59204632.99641224
47,47,2003,28407000.0,300000.0,45946689.78524056,0,1546130.0,76199819.78524056
47,47,2004,28484827.39726027,300000.0,28325352.080423955,0,988409.2,58098588.677684225
47,47,2005,28407000.0,300000.0,43776026.82911589,0,1513137.7,73996164.52911589
47,47,2006,28407000.0,300000.0,57696953.74328995,0,1729922.4,88133876.14328995
47,47,2007,28407000.0,300000.0,42167368.99455844,0,1689384.3,72563753.29455844
47,47,2008,28484827.39726027,300000.0,27985634.476652507,0,1238597.8,58009059.67391278
47,47,2009,28407000.0,300000.0,44622229.88919025,0,1187857.3,74517087.18919025
47,47,2010,28407000.0,300000.0,46895761.43354717,0,1311814.3,76914575.73354717
47,47,2011,28407000.0,300000.0,48346286.08109763,0,1774529.5,78827815.58109763
47,47,2012,28484827.39726027,300000.0,41234451.77614464,0,1539570.2,71558849.3734049
47,47,2013,28407000.0,300000.0,48223020.762701675,0,2103480.2,79033500.96270168
47,47,2014,28407000.0,300000.0,51713035.23313775,0,2046671.8,82466707.03313775
47,47,2015,28407000.0,300000.0,42050867.99547742,0,1737277.9000000001,72495145.89547743
47,47,2016,28484827.39726027,300000.0,32471121.165239453,0,984218.6,62240167.162499726
47,47,2017,28407000.0,300000.0,39134009.468840264,0,1157534.7000000002,68998544.16884026
47,47,2018,28407000.0,300000.0,42356878.763749726,0,1266605.7,72330484.46374972
47,47,2019,28407000.0,300000.0,58213304.67376526,0,1755411.2,88675715.87376526
47,47,2020,28484827.39726027,300000.0,27504033.082154423,0,1011527.2000000001,57300387.6794147
48,48,2000,28484827.39726027,300000.0,38258837.17938121,0,1169862.4,68213526.97664148
48,48,2001,28407000.0,300000.0,54484750.63680336,0,2034236.5,85225987.13680336
48,48,2002,28407000.0,300000.0,63629933.97767808,0,1353708.2000000002,93690642.17767808
48,48,2003,28407000.0,300000.0,59454933.298174694,0,2229095.3,90391028.59817469
48,48,2004,28484827.39726027,300000.0,18996822.280543398,0,1253689.3,49035338.97780367
48,48,2005,28407000.0,300000.0,35000195.52873716,0,2210989.2,65918184.72873716
48,48,2006,28407000.0,300000.0,32320076.65629189,0,1733071.9,62760148.55629189
48,48,2007,28407000.0,300000.0,42348684.31152698,0,1302351.0,72358035.31152698
48,48,2008,28484827.39726027,300000.0,27657120.911525123,0,1400903.4,57842851.70878539
48,48,2009,28407000.0,300000.0,35790086.60611467,0,1860576.9,66357663.50611467
48,48,2010,28407000.0,300000.0,41943200.23356317,0,1575766.5999999999,72225966.83356316
48,48,2011,28407000.0,300000.0,56472113.97798651,0,1698560.0,86877673.97798651
48,48,2012,28484827.39726027,300000.0,22639322.029461663,0,902881.3,52327030.726721935
48,48,2013,28407000.0,300000.0,26952289.31041494,0,1690972.6,57350261.91041494
48,48,2014,28407000.0,300000.0,36063398.79767108,0,1191362.2,65961760.99767108
48,48,2015,28407000.0,300000.0,69633924.01365383,0,2161192.8,100502116.81365383
48,48,2016,28484827.39726027,300000.0,52761241.55583333,0,1810959.2,83357028.1530936
48,48,2017,28407000.0,300000.0,27897111.190795403,0,827720.9,57431832.090795405
48,48,2018,28407000.0,300000.0,30468529.12504899,0,1267756.0999999999,60443285.22504899
48,48,2019,28407000.0,300000.0,26115544.75410959,0,846922.3,55669467.05410959
48,48,2020,28484827.39726027,300000.0,32155113.20426736,0,1475831.2,62415771.801527634
49,49,2000,28484827.39726027,300000.0,46911072.66492369,0,1298188.6,76994088.66218396
49,49,2001,28407000.0,300000.0,52880264.638954945,0,1795386.7,83382651.33895494
49,49,2002,28407000.0,300000.0,59664101.09997067,0,1811958.6,90183059.69997066
49,49,2003,28407000.0,300000.0,45902298.08292283,0,1334672.3,75943970.38292283
49,49,2004,28484827.39726027,300000.0,42914278.118882164,0,1124870.8,72823976.31614244
49,49,2005,28407000.0,300000.0,51504746.61892409,0,1394931.8,81606678.4189241
49,49,2006,28407000.0,300000.0,49907720.08265251,0,1325701.5,79940421.58265251
49,49,2007,28407000.0,300000.0,19677952.194195505,0,1074239.0,49459191.19419551
49,49,2008,28484827.39726027,300000.0,38405173.99858966,0,1689110.7,68879112.09584993
49,49,2009,28407000.0,300000.0,65947972.85468749,0,1736551.9000000001,96391524.75468749
49,49,2010,28407000.0,300000.0,52427472.45626134,0,2184612.6,83319085.05626133
49,49,2011,28407000.0,300000.0,56775973.9556332,0,1871877.3,87354851.2556332
49,49,2012,28484827.39726027,300000.0,54621376.04270853,0,1170832.8,84577036.2399688
49,49,2013,28407000.0,300000.0,31291649.90441905,0,921479.9,60920129.80441905
49,49,2014,28407000.0,300000.0,60598951.094670825,0,2030182.3,91336133.39467083
49,49,2015,28407000.0,300000.0,72946429.91167088,0,2320143.0,103973572.91167088
49,49,2016,28484827.39726027,300000.0,64681209.33857027,0,1743564.0,95209600.73583055
49,49,2017,28407000.0,300000.0,36309591.3522632,0,1454180.0,66470771.3522632
49,49,2018,28407000.0,300000.0,37930358.740140185,0,1211686.5,67849045.24014018
49,49,2019,28407000.0,300000.0,71657699.83827105,0,2433295.7,102797995.53827105
49,49,2020,28484827.39726027,300000.0,59994001.85379249,0,1920017.0,90698846.25105277
50,50,2000,28484827.39726027,300000.0,79355684.78030947,0,2011832.2000000002,110152344.37756975
50,50,2001,28407000.0,300000.0,36991008.22893439,0,1608115.2,67306123.4289344
50,50,2002,28407000.0,300000.0,59061602.08609318,0,1944079.6,89712681.68609318
50,50,2003,28407000.0,300000.0,48093380.89653495,0,1294735.8,78095116.69653495
50,50,2004,28484827.39726027,300000.0,35741729.45595672,0,1843239.0,66369795.85321699
50,50,2005,28407000.0,300000.0,55070750.80940996,0,1905526.3,85683277.10940996
50,50,2006,28407000.0,300000.0,64175630.838793166,0,2415134.5,95297765.33879316
50,50,2007,28407000.0,300000.0,35717635.62994424,0,1767791.3,66192426.92994424
50,50,2008,28484827.39726027,300000.0,42865774.257517986,0,1308704.3,72959305.95477825
50,50,2009,28407000.0,300000.0,50534942.570641585,0,2041139.7999999998,81283082.37064159
50,50,2010,28407000.0,300000.0,60085315.76840149,0,1519505.5,90311821.26840149
50,50,2011,28407000.0,300000.0,24918862.099876318,0,902525.6000000001,54528387.699876316
50,50,2012,28484827.39726027,300000.0,28999050.090966348,0,1382976.1,59166853.58822662
50,50,2013,28407000.0,300000.0,11690737.458047144,0,716047.2999999999,41113784.75804714
50,50,2014,28407000.0,300000.0,49765413.40071082,0,1866384.7,80338798.10071082
50,50,2015,28407000.0,300000.0,51165320.66685383,0,2345959.5,82218280.16685383
50,50,2016,28484827.39726027,300000.0,49278127.638185926,0,1556183.2,79619138.2354462
50,50,2017,28407000.0,300000.0,67850782.8786194,0,2072857.0,98630639.8786194
50,50,2018,28407000.0,300000.0,78502552.40216665,0,2550911.5,109760463.90216665
50,50,2019,28407000.0,300000.0,49437635.02968998,0,1617360.2999999998,79761995.32968998
50,50,2020,28484827.39726027,300000.0,46475206.32811668,0,1484869.7000000002,76744903.42537695
